method,query_position,query_id,recall_at_10,mrr_at_10,ndcg_at_10
base_ivfpq_m32,0,4641,0.4,1.0,0.5531464700081437
base_ivfpq_m32,1,5503,0.0,0.0,0.0
base_ivfpq_m32,3,7017,0.0,0.0,0.0
base_ivfpq_m32,4,10152,1.0,1.0,1.0
base_ivfpq_m32,6,4804,0.0,0.0,0.0
base_ivfpq_m32,7,7911,0.5,1.0,0.6131471927654584
base_ivfpq_m32,8,10809,0.3333333333333333,1.0,0.46927872602275644
base_ivfpq_m32,9,6715,0.0,0.0,0.0
base_ivfpq_m32,10,2388,1.0,1.0,1.0
base_ivfpq_m32,12,4465,0.3333333333333333,0.2,0.18154179253735267
base_ivfpq_m32,13,7326,0.0,0.0,0.0
base_ivfpq_m32,16,10827,0.2,0.3333333333333333,0.16958010263680806
base_ivfpq_m32,17,9771,0.0,0.0,0.0
base_ivfpq_m32,18,7105,0.0,0.0,0.0
base_ivfpq_m32,19,9332,0.0,0.0,0.0
base_ivfpq_m32,21,5853,0.125,0.16666666666666666,0.0901000086523677
base_ivfpq_m32,22,6832,0.0,0.0,0.0
base_ivfpq_m32,23,6807,1.0,1.0,1.0
base_ivfpq_m32,24,570,0.0,0.0,0.0
base_ivfpq_m32,25,7279,0.75,1.0,0.6589157729763341
base_ivfpq_m32,26,594,0.5,1.0,0.6131471927654584
base_ivfpq_m32,27,10122,0.5,0.3333333333333333,0.33424620450682646
base_ivfpq_m32,28,3091,0.0,0.0,0.0
base_ivfpq_m32,31,8537,0.0,0.0,0.0
base_ivfpq_m32,32,3357,0.0,0.0,0.0
base_ivfpq_m32,33,1783,0.0,0.0,0.0
base_ivfpq_m32,34,6004,0.0,0.0,0.0
base_ivfpq_m32,35,2923,0.8,1.0,0.8687949224876582
base_ivfpq_m32,36,5271,0.3333333333333333,0.5,0.2960819109658652
base_ivfpq_m32,37,2108,0.0,0.0,0.0
base_ivfpq_m32,38,7590,0.5,0.14285714285714285,0.20438239758848611
base_ivfpq_m32,39,932,0.0,0.0,0.0
base_ivfpq_m32,40,5981,0.6,1.0,0.7227265726449519
base_ivfpq_m32,41,4837,0.0,0.0,0.0
base_ivfpq_m32,42,4415,0.0,0.0,0.0
base_ivfpq_m32,43,1915,0.0,0.0,0.0
base_ivfpq_m32,45,2316,0.0,0.0,0.0
base_ivfpq_m32,46,8102,0.0,0.0,0.0
base_ivfpq_m32,47,3405,0.0,0.0,0.0
base_ivfpq_m32,48,7928,0.0,0.0,0.0
base_ivfpq_m32,50,1281,0.0,0.0,0.0
base_ivfpq_m32,51,3830,0.0,0.0,0.0
base_ivfpq_m32,52,3837,1.0,0.25,0.43067655807339306
base_ivfpq_m32,53,4447,1.0,0.1111111111111111,0.3010299956639812
base_ivfpq_m32,55,4777,0.0,0.0,0.0
base_ivfpq_m32,56,5741,0.0,0.0,0.0
base_ivfpq_m32,57,2318,0.0,0.0,0.0
base_ivfpq_m32,59,8271,0.0,0.0,0.0
base_ivfpq_m32,62,5888,0.0,0.0,0.0
base_ivfpq_m32,63,2568,0.42857142857142855,1.0,0.5310500112078503
base_ivfpq_m32,64,5150,0.0,0.0,0.0
base_ivfpq_m32,65,7124,0.25,1.0,0.3903800499921017
base_ivfpq_m32,66,2857,0.5,1.0,0.6366824387328317
base_ivfpq_m32,67,8539,0.0,0.0,0.0
base_ivfpq_m32,68,6896,0.0,0.0,0.0
base_ivfpq_m32,69,1085,0.0,0.0,0.0
base_ivfpq_m32,70,5422,0.25,0.5,0.24630238874073
base_ivfpq_m32,71,8247,0.0,0.0,0.0
base_ivfpq_m32,73,10482,0.0,0.0,0.0
base_ivfpq_m32,74,4571,0.3333333333333333,1.0,0.46927872602275644
base_ivfpq_m32,75,8789,0.6666666666666666,1.0,0.7653606369886217
base_ivfpq_m32,76,8034,0.0,0.0,0.0
base_ivfpq_m32,77,4600,1.0,1.0,1.0
base_ivfpq_m32,78,2423,0.0,0.0,0.0
base_ivfpq_m32,79,8475,0.5714285714285714,1.0,0.6920788373899056
base_ivfpq_m32,80,4523,0.4,0.5,0.32097939710179135
base_ivfpq_m32,81,8513,0.0,0.0,0.0
base_ivfpq_m32,83,9291,0.0,0.0,0.0
base_ivfpq_m32,84,8532,0.0,0.0,0.0
base_ivfpq_m32,85,1824,1.0,0.3333333333333333,0.5
base_ivfpq_m32,86,5054,0.0,0.0,0.0
base_ivfpq_m32,87,1159,0.0,0.0,0.0
base_ivfpq_m32,88,4920,0.6666666666666666,1.0,0.6257049680303419
base_ivfpq_m32,89,68,0.0,0.0,0.0
base_ivfpq_m32,90,7269,1.0,0.14285714285714285,0.3333333333333333
base_ivfpq_m32,91,750,0.5,1.0,0.6131471927654584
base_ivfpq_m32,92,9701,0.0,0.0,0.0
base_ivfpq_m32,94,9126,0.0,0.0,0.0
base_ivfpq_m32,95,34,0.0,0.0,0.0
base_ivfpq_m32,96,4011,0.6666666666666666,1.0,0.6508205185601091
base_ivfpq_m32,97,4700,1.0,1.0,1.0
base_ivfpq_m32,98,6395,0.0,0.0,0.0
base_ivfpq_m32,99,852,0.6666666666666666,1.0,0.6364391809889587
base_ivfpq_m32,100,9115,0.3333333333333333,0.5,0.2960819109658652
base_ivfpq_m32,103,4767,0.0,0.0,0.0
base_ivfpq_m32,104,2593,0.3333333333333333,0.5,0.2960819109658652
base_ivfpq_m32,105,2724,0.0,0.0,0.0
base_ivfpq_m32,106,11088,1.0,0.3333333333333333,0.5
base_ivfpq_m32,108,109,1.0,0.5,0.6309297535714575
base_ivfpq_m32,109,8351,0.0,0.0,0.0
base_ivfpq_m32,111,3480,1.0,1.0,1.0
base_ivfpq_m32,112,7992,0.5,0.14285714285714285,0.20438239758848611
base_ivfpq_m32,113,858,0.0,0.0,0.0
base_ivfpq_m32,114,4019,0.2,0.16666666666666666,0.1208113026994942
base_ivfpq_m32,115,6080,0.5,1.0,0.6131471927654584
base_ivfpq_m32,116,2580,0.0,0.0,0.0
base_ivfpq_m32,117,7513,0.0,0.0,0.0
base_ivfpq_m32,119,5402,0.0,0.0,0.0
base_ivfpq_m32,120,4504,1.0,1.0,0.8175295903539445
base_ivfpq_m32,121,6562,0.25,0.2,0.15101961822780524
base_ivfpq_m32,122,4775,0.0,0.0,0.0
base_ivfpq_m32,123,9565,1.0,1.0,0.8772153153380493
base_ivfpq_m32,124,10734,0.5,0.2,0.2956267104628298
base_ivfpq_m32,126,585,0.0,0.0,0.0
base_ivfpq_m32,127,8934,0.0,0.0,0.0
base_ivfpq_m32,128,11054,1.0,1.0,1.0
base_ivfpq_m32,129,56,0.0,0.0,0.0
base_ivfpq_m32,130,6862,1.0,1.0,1.0
base_ivfpq_m32,131,9598,0.0,0.0,0.0
base_ivfpq_m32,133,90,0.0,0.0,0.0
base_ivfpq_m32,134,8592,0.6666666666666666,0.14285714285714285,0.29769321486741446
base_ivfpq_m32,135,10547,0.0,0.0,0.0
base_ivfpq_m32,136,5231,0.0,0.0,0.0
base_ivfpq_m32,137,7674,0.0,0.0,0.0
base_ivfpq_m32,138,3103,1.0,1.0,1.0
base_ivfpq_m32,139,10137,0.0,0.0,0.0
base_ivfpq_m32,140,1415,0.75,1.0,0.75369761125927
base_ivfpq_m32,141,5940,0.0,0.0,0.0
base_ivfpq_m32,142,6612,0.0,0.0,0.0
base_ivfpq_m32,143,945,0.0,0.0,0.0
base_ivfpq_m32,144,2549,0.5,0.16666666666666666,0.21840743681816419
base_ivfpq_m32,146,588,0.5,1.0,0.6131471927654584
base_ivfpq_m32,147,4233,0.6,1.0,0.6843515475204855
base_ivfpq_m32,149,8456,0.3333333333333333,0.5,0.2960819109658652
base_ivfpq_m32,150,10213,0.3333333333333333,0.3333333333333333,0.23463936301137822
base_ivfpq_m32,151,106,0.0,0.0,0.0
base_ivfpq_m32,152,4306,0.25,1.0,0.3903800499921017
base_ivfpq_m32,153,5196,0.0,0.0,0.0
base_ivfpq_m32,154,3006,0.16666666666666666,0.1,0.0874717141014082
base_ivfpq_m32,156,3909,0.1,1.0,0.2200917662980802
base_ivfpq_m32,157,4116,1.0,1.0,0.9197207891481876
base_ivfpq_m32,158,4942,0.0,0.0,0.0
base_ivfpq_m32,159,6907,0.0,0.0,0.0
base_ivfpq_m32,160,5464,0.0,0.0,0.0
base_ivfpq_m32,162,691,0.0,0.0,0.0
base_ivfpq_m32,163,3177,0.0,0.0,0.0
base_ivfpq_m32,166,2088,0.0,0.0,0.0
base_ivfpq_m32,167,9391,0.0,0.0,0.0
base_ivfpq_m32,168,529,0.0,0.0,0.0
base_ivfpq_m32,169,2118,0.0,0.0,0.0
base_ivfpq_m32,170,3148,0.4,1.0,0.5087403079104241
base_ivfpq_m32,171,4955,0.0,0.0,0.0
base_ivfpq_m32,173,4678,0.0,0.0,0.0
base_ivfpq_m32,174,2398,0.2,0.2,0.13120507751234178
base_ivfpq_m32,175,3569,0.0,0.0,0.0
base_ivfpq_m32,176,8072,0.6666666666666666,1.0,0.6105456988825855
base_ivfpq_m32,179,6746,0.0,0.0,0.0
base_ivfpq_m32,180,5511,0.1,0.16666666666666666,0.07839826897867534
base_ivfpq_m32,181,6009,0.0,0.0,0.0
base_ivfpq_m32,184,1157,0.5,1.0,0.6131471927654584
base_ivfpq_m32,185,988,0.0,0.0,0.0
base_ivfpq_m32,186,3369,0.0,0.0,0.0
base_ivfpq_m32,187,9296,0.5,1.0,0.6131471927654584
base_ivfpq_m32,188,9643,1.0,0.3333333333333333,0.5
base_ivfpq_m32,189,9245,0.0,0.0,0.0
base_ivfpq_m32,192,26,0.0,0.0,0.0
base_ivfpq_m32,193,4962,0.0,0.0,0.0
base_ivfpq_m32,194,4846,0.0,0.0,0.0
base_ivfpq_m32,195,2460,1.0,1.0,1.0
base_ivfpq_m32,196,9403,0.0,0.0,0.0
base_ivfpq_m32,197,5646,0.6666666666666666,1.0,0.7653606369886217
base_ivfpq_m32,198,3503,0.14285714285714285,0.5,0.17342765698823945
base_ivfpq_m32,200,929,1.0,0.5,0.6309297535714575
base_ivfpq_m32,201,5993,0.13333333333333333,1.0,0.35895421017163476
base_ivfpq_m32,202,10845,1.0,0.5,0.6309297535714575
base_ivfpq_m32,203,8116,0.5,0.2,0.23719771276929622
base_ivfpq_m32,204,9633,0.0,0.0,0.0
base_ivfpq_m32,205,5710,1.0,0.14285714285714285,0.3333333333333333
base_ivfpq_m32,206,9824,1.0,0.1,0.2890648263178879
base_ivfpq_m32,207,7529,0.0,0.0,0.0
base_ivfpq_m32,208,475,0.0,0.0,0.0
base_ivfpq_m32,209,5021,0.0,0.0,0.0
base_ivfpq_m32,210,9548,0.0,0.0,0.0
base_ivfpq_m32,211,7592,0.0,0.0,0.0
base_ivfpq_m32,213,7758,1.0,1.0,1.0
base_ivfpq_m32,214,3612,0.0,0.0,0.0
base_ivfpq_m32,215,10596,0.6,1.0,0.6217937096682962
base_ivfpq_m32,216,4153,0.0,0.0,0.0
base_ivfpq_m32,217,4409,0.1,0.3333333333333333,0.1100458831490401
base_ivfpq_m32,218,5369,0.0,0.0,0.0
base_ivfpq_m32,219,2070,0.0,0.0,0.0
base_ivfpq_m32,220,5505,1.0,0.3333333333333333,0.5
base_ivfpq_m32,222,11039,0.125,1.0,0.2529427027676571
base_ivfpq_m32,223,5460,0.0,0.0,0.0
base_ivfpq_m32,224,7925,0.0,0.0,0.0
base_ivfpq_m32,225,4286,0.5,1.0,0.6131471927654584
base_ivfpq_m32,226,3789,0.25,0.14285714285714285,0.13012668333070054
base_ivfpq_m32,227,5228,0.0,0.0,0.0
base_ivfpq_m32,228,2685,0.0,0.0,0.0
base_ivfpq_m32,229,8702,0.3333333333333333,1.0,0.46927872602275644
base_ivfpq_m32,230,1877,1.0,1.0,1.0
base_ivfpq_m32,231,10645,0.5,0.16666666666666666,0.21840743681816419
base_ivfpq_m32,232,1090,0.0,0.0,0.0
base_ivfpq_m32,233,7080,0.5,1.0,0.6131471927654584
base_ivfpq_m32,235,3682,0.0,0.0,0.0
base_ivfpq_m32,237,8507,0.0,0.0,0.0
base_ivfpq_m32,238,6221,0.0,0.0,0.0
base_ivfpq_m32,240,6468,0.5,0.5,0.38685280723454163
base_ivfpq_m32,241,3008,0.5,1.0,0.5585075862632192
base_ivfpq_m32,244,6644,0.0,0.0,0.0
base_ivfpq_m32,245,6420,0.5,0.5,0.38685280723454163
base_ivfpq_m32,247,4844,1.0,1.0,0.9197207891481876
base_ivfpq_m32,248,7463,0.0,0.0,0.0
base_ivfpq_m32,250,10267,0.0,0.0,0.0
base_ivfpq_m32,251,7622,0.0,0.0,0.0
base_ivfpq_m32,253,2498,0.0,0.0,0.0
base_ivfpq_m32,255,3767,0.2,0.14285714285714285,0.11305340175787204
base_ivfpq_m32,256,7145,0.3333333333333333,1.0,0.46927872602275644
base_ivfpq_m32,258,9556,1.0,0.125,0.31546487678572877
base_ivfpq_m32,260,6410,0.0,0.0,0.0
base_ivfpq_m32,261,5155,0.0,0.0,0.0
base_ivfpq_m32,262,5030,0.0,0.0,0.0
base_ivfpq_m32,263,6252,0.0,0.0,0.0
base_ivfpq_m32,267,766,0.0,0.0,0.0
base_ivfpq_m32,268,8779,0.0,0.0,0.0
base_ivfpq_m32,269,2183,0.5,0.3333333333333333,0.3594562031108283
base_ivfpq_m32,270,6219,0.5,1.0,0.6131471927654584
base_ivfpq_m32,271,6849,0.0,0.0,0.0
base_ivfpq_m32,272,8079,0.6666666666666666,1.0,0.7039180890341347
base_ivfpq_m32,273,5086,1.0,1.0,1.0
base_ivfpq_m32,274,8202,0.0,0.0,0.0
base_ivfpq_m32,275,7345,0.3333333333333333,0.14285714285714285,0.15642624200758548
base_ivfpq_m32,276,2648,1.0,0.5,0.6309297535714575
base_ivfpq_m32,278,776,0.25,1.0,0.39639187290150935
base_ivfpq_m32,279,5125,0.0,0.0,0.0
base_ivfpq_m32,280,89,0.16666666666666666,0.14285714285714285,0.10086747116627115
base_ivfpq_m32,281,9329,0.0,0.0,0.0
base_ivfpq_m32,282,2516,0.5,1.0,0.6366824387328317
base_ivfpq_m32,283,6629,0.0,0.0,0.0
base_ivfpq_m32,284,8970,1.0,0.5,0.6240505200038379
base_ivfpq_m32,285,4484,0.0,0.0,0.0
base_ivfpq_m32,286,1451,0.0,0.0,0.0
base_ivfpq_m32,287,1889,0.0,0.0,0.0
base_ivfpq_m32,288,1920,1.0,0.25,0.43067655807339306
base_ivfpq_m32,289,8013,0.0,0.0,0.0
base_ivfpq_m32,290,3759,0.0,0.0,0.0
base_ivfpq_m32,291,7295,0.0,0.0,0.0
base_ivfpq_m32,292,7448,0.0,0.0,0.0
base_ivfpq_m32,293,7329,0.5,0.25,0.2640681225725909
base_ivfpq_m32,294,10639,0.0,0.0,0.0
base_ivfpq_m32,296,4312,0.2857142857142857,0.3333333333333333,0.23535109180711322
base_ivfpq_m32,297,1230,0.0,0.0,0.0
base_ivfpq_m32,298,2486,0.0,0.0,0.0
base_ivfpq_m32,299,6121,0.0,0.0,0.0
base_ivfpq_m32,300,859,0.0,0.0,0.0
base_ivfpq_m32,302,2590,0.3333333333333333,1.0,0.46927872602275644
base_ivfpq_m32,303,3781,0.5,1.0,0.6131471927654584
base_ivfpq_m32,304,5374,0.0,0.0,0.0
base_ivfpq_m32,305,1310,0.0,0.0,0.0
base_ivfpq_m32,306,8005,0.0,0.0,0.0
base_ivfpq_m32,307,2994,0.3333333333333333,0.25,0.20210734650054757
base_ivfpq_m32,308,6142,0.0,0.0,0.0
base_ivfpq_m32,309,3125,1.0,0.5,0.6309297535714575
base_ivfpq_m32,310,8832,1.0,0.5,0.6309297535714575
base_ivfpq_m32,311,3683,0.5,1.0,0.5499887725471476
base_ivfpq_m32,312,939,0.0,0.0,0.0
base_ivfpq_m32,313,7206,0.0,0.0,0.0
base_ivfpq_m32,314,10246,0.0,0.0,0.0
base_ivfpq_m32,315,5241,0.2,0.1,0.09803928583135704
base_ivfpq_m32,316,8121,0.0,0.0,0.0
base_ivfpq_m32,317,98,0.5,1.0,0.6131471927654584
base_ivfpq_m32,318,5064,0.5,0.5,0.38685280723454163
base_ivfpq_m32,319,4615,0.5,1.0,0.5547710914144913
base_ivfpq_m32,320,7467,0.0,0.0,0.0
base_ivfpq_m32,322,503,0.0,0.0,0.0
base_ivfpq_m32,324,6467,0.0,0.0,0.0
base_ivfpq_m32,325,4289,0.0,0.0,0.0
base_ivfpq_m32,326,4394,0.0,0.0,0.0
base_ivfpq_m32,327,4047,0.75,1.0,0.7757386182436072
base_ivfpq_m32,328,1815,1.0,0.3333333333333333,0.5
base_ivfpq_m32,329,7218,0.0,0.0,0.0
base_ivfpq_m32,330,8982,0.0,0.0,0.0
base_ivfpq_m32,331,8874,0.0,0.0,0.0
base_ivfpq_m32,334,8937,0.0,0.0,0.0
base_ivfpq_m32,335,7344,0.5,1.0,0.6131471927654584
base_ivfpq_m32,336,2856,0.25,0.14285714285714285,0.13012668333070054
base_ivfpq_m32,337,7801,0.5,0.5,0.38685280723454163
base_ivfpq_m32,339,6875,0.0,0.0,0.0
base_ivfpq_m32,340,6891,0.3333333333333333,0.25,0.20210734650054757
base_ivfpq_m32,341,7702,0.5,0.3333333333333333,0.3065735963827292
base_ivfpq_m32,342,2695,1.0,1.0,1.0
base_ivfpq_m32,346,5427,0.5,0.25,0.2640681225725909
base_ivfpq_m32,347,2587,1.0,1.0,1.0
base_ivfpq_m32,348,5782,0.2,0.16666666666666666,0.1208113026994942
base_ivfpq_m32,349,9871,0.0,0.0,0.0
base_ivfpq_m32,350,6668,0.0,0.0,0.0
base_ivfpq_m32,352,2443,0.0,0.0,0.0
base_ivfpq_m32,353,3179,0.5,0.5,0.38685280723454163
base_ivfpq_m32,354,3404,0.0,0.0,0.0
base_ivfpq_m32,355,3453,0.5,0.1111111111111111,0.18457569677956817
base_ivfpq_m32,357,5808,1.0,0.14285714285714285,0.3333333333333333
base_ivfpq_m32,358,4845,0.6666666666666666,1.0,0.7039180890341347
base_ivfpq_m32,359,3625,0.0,0.0,0.0
base_ivfpq_m32,363,4464,0.0,0.0,0.0
base_ivfpq_m32,364,3822,0.25,0.16666666666666666,0.13905617951077562
base_ivfpq_m32,365,7879,0.0,0.0,0.0
base_ivfpq_m32,367,8512,0.0,0.0,0.0
base_ivfpq_m32,368,3995,0.2,0.2,0.13120507751234178
base_ivfpq_m32,369,559,0.0,0.0,0.0
base_ivfpq_m32,370,3791,0.3333333333333333,0.125,0.1480409554829326
base_ivfpq_m32,371,8002,0.6666666666666666,0.25,0.38364913903790027
base_ivfpq_m32,372,4179,0.0,0.0,0.0
base_ivfpq_m32,373,2891,1.0,1.0,1.0
base_ivfpq_m32,374,853,0.0,0.0,0.0
base_ivfpq_m32,375,10136,0.0,0.0,0.0
base_ivfpq_m32,377,2513,0.0,0.0,0.0
base_ivfpq_m32,378,5206,0.0,0.0,0.0
base_ivfpq_m32,380,4433,0.0,0.0,0.0
base_ivfpq_m32,381,4188,0.0,0.0,0.0
base_ivfpq_m32,382,2713,0.0,0.0,0.0
base_ivfpq_m32,383,9060,1.0,1.0,1.0
base_ivfpq_m32,384,7098,0.5,0.3333333333333333,0.3065735963827292
base_ivfpq_m32,385,10628,1.0,0.125,0.31546487678572877
base_ivfpq_m32,386,6683,0.0,0.0,0.0
base_ivfpq_m32,387,10183,0.0,0.0,0.0
base_ivfpq_m32,388,3829,0.0,0.0,0.0
base_ivfpq_m32,389,5585,0.0,0.0,0.0
base_ivfpq_m32,390,4105,0.0,0.0,0.0
base_ivfpq_m32,391,1074,1.0,1.0,1.0
base_ivfpq_m32,394,9275,0.0,0.0,0.0
base_ivfpq_m32,395,10497,0.1,1.0,0.2200917662980802
base_ivfpq_m32,396,9481,0.5,0.3333333333333333,0.3065735963827292
base_ivfpq_m32,397,3500,0.3333333333333333,0.2,0.22485174766247445
base_ivfpq_m32,399,1306,0.0,0.0,0.0
base_ivfpq_m32,400,1826,0.5,1.0,0.6366824387328317
base_ivfpq_m32,401,6262,0.6666666666666666,1.0,0.7653606369886217
base_ivfpq_m32,402,5347,1.0,1.0,1.0
base_ivfpq_m32,403,4500,0.0,0.0,0.0
base_ivfpq_m32,404,3615,1.0,1.0,0.8772153153380493
base_ivfpq_m32,405,8632,0.0,0.0,0.0
base_ivfpq_m32,406,9979,0.25,1.0,0.3903800499921017
base_ivfpq_m32,407,9617,0.3333333333333333,0.25,0.20210734650054757
base_ivfpq_m32,408,1948,0.0,0.0,0.0
base_ivfpq_m32,409,6133,0.0,0.0,0.0
base_ivfpq_m32,410,9737,0.0,0.0,0.0
base_ivfpq_m32,411,3771,0.3333333333333333,1.0,0.4539036202482202
base_ivfpq_m32,412,1736,0.0,0.0,0.0
base_ivfpq_m32,413,5255,0.6666666666666666,1.0,0.6049306994552042
base_ivfpq_m32,414,5380,1.0,1.0,1.0
base_ivfpq_m32,416,2051,0.0,0.0,0.0
base_ivfpq_m32,417,5067,0.0,0.0,0.0
base_ivfpq_m32,418,10414,1.0,1.0,0.8772153153380493
base_ivfpq_m32,421,4756,0.0,0.0,0.0
base_ivfpq_m32,422,7754,1.0,0.1111111111111111,0.3010299956639812
base_ivfpq_m32,423,2076,0.5,0.5,0.38685280723454163
base_ivfpq_m32,424,1322,0.0,0.0,0.0
base_ivfpq_m32,426,5172,0.0,0.0,0.0
base_ivfpq_m32,427,5185,0.0,0.0,0.0
base_ivfpq_m32,428,9644,1.0,0.1,0.2890648263178879
base_ivfpq_m32,429,6909,0.0,0.0,0.0
base_ivfpq_m32,430,5906,0.0,0.0,0.0
base_ivfpq_m32,431,2348,0.13333333333333333,0.5,0.20829366581033185
base_ivfpq_m32,432,687,0.0,0.0,0.0
base_ivfpq_m32,433,8017,1.0,0.3333333333333333,0.5
base_ivfpq_m32,434,8795,1.0,1.0,1.0
base_ivfpq_m32,435,4499,0.0,0.0,0.0
base_ivfpq_m32,437,42,0.0,0.0,0.0
base_ivfpq_m32,440,8296,1.0,1.0,1.0
base_ivfpq_m32,441,659,0.2,0.2,0.15457433957839828
base_ivfpq_m32,442,9108,0.0,0.0,0.0
base_ivfpq_m32,443,6835,0.0,0.0,0.0
base_ivfpq_m32,444,6803,0.5,0.5,0.4144299250118475
base_ivfpq_m32,445,9381,0.0,0.0,0.0
base_ivfpq_m32,447,3067,0.0,0.0,0.0
base_ivfpq_m32,448,4125,0.0,0.0,0.0
base_ivfpq_m32,449,1150,0.0,0.0,0.0
base_ivfpq_m32,450,7431,0.0,0.0,0.0
base_ivfpq_m32,451,2384,1.0,0.5,0.6309297535714575
base_ivfpq_m32,452,895,1.0,0.25,0.43067655807339306
base_ivfpq_m32,453,7747,0.0,0.0,0.0
base_ivfpq_m32,454,879,1.0,1.0,1.0
base_ivfpq_m32,455,8040,0.0,0.0,0.0
base_ivfpq_m32,456,3051,1.0,1.0,0.9197207891481876
base_ivfpq_m32,457,7705,0.3333333333333333,1.0,0.46927872602275644
base_ivfpq_m32,458,10039,0.0,0.0,0.0
base_ivfpq_m32,459,9808,0.3333333333333333,1.0,0.46927872602275644
base_ivfpq_m32,460,7188,0.0,0.0,0.0
base_ivfpq_m32,461,4813,1.0,0.5,0.6309297535714575
base_ivfpq_m32,462,3888,0.0,0.0,0.0
base_ivfpq_m32,464,957,0.3333333333333333,0.25,0.20210734650054757
base_ivfpq_m32,465,10601,0.0,0.0,0.0
base_ivfpq_m32,466,1871,0.5,1.0,0.5855700749881525
base_ivfpq_m32,467,5331,1.0,0.25,0.43067655807339306
base_ivfpq_m32,468,2790,0.0,0.0,0.0
base_ivfpq_m32,469,9882,0.0,0.0,0.0
base_ivfpq_m32,470,4999,0.5,1.0,0.5135312443624667
base_ivfpq_m32,471,4142,0.25,0.25,0.16812753627111746
base_ivfpq_m32,472,3189,0.0,0.0,0.0
base_ivfpq_m32,473,5134,0.5,0.25,0.2640681225725909
base_ivfpq_m32,474,1321,0.0,0.0,0.0
base_ivfpq_m32,475,10710,0.0,0.0,0.0
base_ivfpq_m32,476,6890,0.5,1.0,0.6131471927654584
base_ivfpq_m32,477,3049,0.5,0.5,0.3638184934971571
base_ivfpq_m32,478,849,0.0,0.0,0.0
base_ivfpq_m32,481,715,0.0,0.0,0.0
base_ivfpq_m32,484,2204,0.625,1.0,0.7210564623380479
base_ivfpq_m32,485,9646,0.5,0.5,0.38685280723454163
base_ivfpq_m32,486,2334,0.0,0.0,0.0
base_ivfpq_m32,487,2903,0.0,0.0,0.0
base_ivfpq_m32,488,4827,1.0,1.0,1.0
base_ivfpq_m32,491,1530,0.6666666666666666,1.0,0.7653606369886217
base_ivfpq_m32,492,504,0.0,0.0,0.0
base_ivfpq_m32,493,721,1.0,0.16666666666666666,0.3562071871080222
base_ivfpq_m32,495,3186,0.5,1.0,0.6131471927654584
base_ivfpq_m32,497,3859,0.0,0.0,0.0
base_ivfpq_m32,498,1994,0.0,0.0,0.0
base_ivfpq_m32,499,6647,0.3333333333333333,1.0,0.46927872602275644
base_ivfpq_m32,500,9164,0.3333333333333333,1.0,0.46927872602275644
base_ivfpq_m32,501,1812,0.5,0.2,0.23719771276929622
base_ivfpq_m32,502,10462,0.0,0.0,0.0
base_ivfpq_m32,503,8855,0.0,0.0,0.0
base_ivfpq_m32,505,4968,0.0,0.0,0.0
base_ivfpq_m32,506,7876,0.0,0.0,0.0
base_ivfpq_m32,507,7071,0.0,0.0,0.0
base_ivfpq_m32,508,3534,0.0,0.0,0.0
base_ivfpq_m32,509,8974,0.375,1.0,0.422837249982473
base_ivfpq_m32,510,10912,0.0,0.0,0.0
base_ivfpq_m32,511,2737,1.0,1.0,1.0
base_ivfpq_m32,512,2964,0.5,0.2,0.23719771276929622
base_ivfpq_m32,513,5178,0.4,0.3333333333333333,0.29039140533630226
base_ivfpq_m32,514,5061,0.0,0.0,0.0
base_ivfpq_m32,516,9385,1.0,0.25,0.43067655807339306
base_ivfpq_m32,517,4411,0.3333333333333333,0.5,0.2960819109658652
base_ivfpq_m32,518,515,1.0,0.2,0.38685280723454163
base_ivfpq_m32,519,2075,0.3333333333333333,0.5,0.36704861348969203
base_ivfpq_m32,520,8230,0.0,0.0,0.0
base_ivfpq_m32,521,4335,0.25,1.0,0.3903800499921017
base_ivfpq_m32,522,7533,0.0,0.0,0.0
base_ivfpq_m32,523,5683,0.0,0.0,0.0
base_ivfpq_m32,524,4785,0.0,0.0,0.0
base_ivfpq_m32,525,7456,0.0,0.0,0.0
base_ivfpq_m32,526,3528,1.0,1.0,1.0
base_ivfpq_m32,528,9487,0.0,0.0,0.0
base_ivfpq_m32,529,10792,1.0,0.3333333333333333,0.5249810332008933
base_ivfpq_m32,530,5264,0.6,0.5,0.5147714448836774
base_ivfpq_m32,531,9733,0.0,0.0,0.0
base_ivfpq_m32,533,7311,0.0,0.0,0.0
base_ivfpq_m32,534,744,0.0,0.0,0.0
base_ivfpq_m32,535,7141,0.5,0.2,0.23719771276929622
base_ivfpq_m32,536,672,0.0,0.0,0.0
base_ivfpq_m32,537,6002,0.45454545454545453,0.5,0.49509403248815553
base_ivfpq_m32,538,4071,0.0,0.0,0.0
base_ivfpq_m32,539,4103,0.0,0.0,0.0
base_ivfpq_m32,540,1441,1.0,1.0,1.0
base_ivfpq_m32,542,7512,0.0,0.0,0.0
base_ivfpq_m32,543,2589,0.6666666666666666,0.5,0.5307212739772434
base_ivfpq_m32,544,2598,0.5,0.16666666666666666,0.21840743681816419
base_ivfpq_m32,545,6800,1.0,1.0,1.0
base_ivfpq_m32,546,1391,0.0,0.0,0.0
base_ivfpq_m32,547,6278,0.5,1.0,0.6131471927654584
base_ivfpq_m32,548,7534,0.3333333333333333,1.0,0.46927872602275644
base_ivfpq_m32,549,5356,0.2,0.16666666666666666,0.1208113026994942
base_ivfpq_m32,550,2579,0.16666666666666666,1.0,0.30260241349881345
base_ivfpq_m32,551,9961,0.0,0.0,0.0
base_ivfpq_m32,552,7484,1.0,1.0,1.0
base_ivfpq_m32,553,5790,0.0,0.0,0.0
base_ivfpq_m32,554,7823,0.3333333333333333,0.2,0.18154179253735267
base_ivfpq_m32,555,689,0.0,0.0,0.0
base_ivfpq_m32,556,604,0.3333333333333333,0.5,0.2960819109658652
base_ivfpq_m32,557,9174,0.2,1.0,0.3391602052736161
base_ivfpq_m32,558,6867,0.2857142857142857,0.5,0.26014148548235916
base_ivfpq_m32,559,5970,0.3333333333333333,0.3333333333333333,0.23463936301137822
base_ivfpq_m32,560,4681,1.0,0.3333333333333333,0.5109559939712153
base_ivfpq_m32,562,6901,0.5,1.0,0.6131471927654584
base_ivfpq_m32,563,10808,0.0,0.0,0.0
base_ivfpq_m32,564,2383,0.0,0.0,0.0
base_ivfpq_m32,565,3085,0.5,0.3333333333333333,0.3065735963827292
base_ivfpq_m32,566,104,0.5,0.5,0.38685280723454163
base_ivfpq_m32,568,684,0.0,0.0,0.0
base_ivfpq_m32,569,10674,0.25,0.25,0.16812753627111746
base_ivfpq_m32,571,10526,0.5,0.2,0.23719771276929622
base_ivfpq_m32,572,2181,0.0,0.0,0.0
base_ivfpq_m32,573,10994,0.5,0.1,0.17723928678404774
base_ivfpq_m32,574,5903,0.0,0.0,0.0
base_ivfpq_m32,576,5254,0.0,0.0,0.0
base_ivfpq_m32,579,7936,0.6666666666666666,0.25,0.38364913903790027
base_ivfpq_m32,582,7633,0.25,1.0,0.3903800499921017
base_ivfpq_m32,583,2400,0.3333333333333333,0.125,0.1480409554829326
base_ivfpq_m32,584,5549,0.0,0.0,0.0
base_ivfpq_m32,585,1832,0.0,0.0,0.0
base_ivfpq_m32,586,2749,0.5,0.25,0.2640681225725909
base_ivfpq_m32,588,3735,0.3333333333333333,0.2,0.18154179253735267
base_ivfpq_m32,589,622,0.0,0.0,0.0
base_ivfpq_m32,591,4605,0.42857142857142855,1.0,0.49117205121962154
base_ivfpq_m32,592,2330,1.0,0.3333333333333333,0.5249810332008933
base_ivfpq_m32,593,6792,0.0,0.0,0.0
base_ivfpq_m32,595,2885,0.0,0.0,0.0
base_ivfpq_m32,596,15,1.0,1.0,1.0
base_ivfpq_m32,597,6110,0.25,0.5,0.24390331138078206
base_ivfpq_m32,598,4823,0.3333333333333333,0.5,0.2960819109658652
base_ivfpq_m32,599,3694,0.0,0.0,0.0
base_ivfpq_m32,600,8,0.5,0.5,0.38685280723454163
base_ivfpq_m32,601,1309,0.25,0.2,0.15101961822780524
base_ivfpq_m32,603,699,0.0,0.0,0.0
base_ivfpq_m32,604,7109,0.3333333333333333,0.1,0.13565197343244778
base_ivfpq_m32,605,5080,0.0,0.0,0.0
base_ivfpq_m32,606,4981,0.3333333333333333,0.5,0.2960819109658652
base_ivfpq_m32,607,3875,1.0,1.0,0.9197207891481876
base_ivfpq_m32,609,3934,0.0,0.0,0.0
base_ivfpq_m32,611,2264,0.5,1.0,0.6131471927654584
base_ivfpq_m32,612,2895,0.0,0.0,0.0
base_ivfpq_m32,613,6787,0.0,0.0,0.0
base_ivfpq_m32,614,7096,1.0,0.25,0.43067655807339306
base_ivfpq_m32,615,2747,1.0,0.125,0.31546487678572877
base_ivfpq_m32,617,1748,0.3333333333333333,1.0,0.46927872602275644
base_ivfpq_m32,618,9735,0.0,0.0,0.0
base_ivfpq_m32,619,5862,0.0,0.0,0.0
base_ivfpq_m32,620,10932,1.0,1.0,1.0
base_ivfpq_m32,621,6041,0.5,1.0,0.6366824387328317
base_ivfpq_m32,622,7178,1.0,0.16666666666666666,0.3562071871080222
base_ivfpq_m32,623,7068,0.0,0.0,0.0
base_ivfpq_m32,625,10558,1.0,0.5,0.6509209298071326
base_ivfpq_m32,626,3014,0.0,0.0,0.0
base_ivfpq_m32,627,4863,0.3333333333333333,0.3333333333333333,0.23463936301137822
base_ivfpq_m32,629,1416,0.0,0.0,0.0
base_ivfpq_m32,630,2801,0.5,1.0,0.6131471927654584
base_ivfpq_m32,631,5343,0.0,0.0,0.0
base_ivfpq_m32,632,547,0.0,0.0,0.0
base_ivfpq_m32,633,6985,1.0,1.0,1.0
base_ivfpq_m32,634,2154,0.0,0.0,0.0
base_ivfpq_m32,638,3033,0.5,0.14285714285714285,0.20438239758848611
base_ivfpq_m32,641,10812,0.5,1.0,0.6366824387328317
base_ivfpq_m32,642,3512,1.0,1.0,1.0
base_ivfpq_m32,643,4102,0.0,0.0,0.0
base_ivfpq_m32,644,3566,0.0,0.0,0.0
base_ivfpq_m32,645,94,1.0,0.3333333333333333,0.5
base_ivfpq_m32,646,2551,0.6666666666666666,1.0,0.7653606369886217
base_ivfpq_m32,647,2399,1.0,0.125,0.31546487678572877
uniform_ivfpq_m48,0,4641,0.6,1.0,0.6992148198508501
uniform_ivfpq_m48,1,5503,0.5,0.14285714285714285,0.20438239758848611
uniform_ivfpq_m48,3,7017,0.0,0.0,0.0
uniform_ivfpq_m48,4,10152,1.0,1.0,1.0
uniform_ivfpq_m48,6,4804,0.0,0.0,0.0
uniform_ivfpq_m48,7,7911,1.0,1.0,0.8772153153380493
uniform_ivfpq_m48,8,10809,0.3333333333333333,0.3333333333333333,0.23463936301137822
uniform_ivfpq_m48,9,6715,0.0,0.0,0.0
uniform_ivfpq_m48,10,2388,1.0,1.0,1.0
uniform_ivfpq_m48,12,4465,0.0,0.0,0.0
uniform_ivfpq_m48,13,7326,0.0,0.0,0.0
uniform_ivfpq_m48,16,10827,0.0,0.0,0.0
uniform_ivfpq_m48,17,9771,0.0,0.0,0.0
uniform_ivfpq_m48,18,7105,0.0,0.0,0.0
uniform_ivfpq_m48,19,9332,0.0,0.0,0.0
uniform_ivfpq_m48,21,5853,0.125,1.0,0.2529427027676571
uniform_ivfpq_m48,22,6832,0.0,0.0,0.0
uniform_ivfpq_m48,23,6807,1.0,1.0,1.0
uniform_ivfpq_m48,24,570,0.0,0.0,0.0
uniform_ivfpq_m48,25,7279,1.0,0.3333333333333333,0.6039848603939605
uniform_ivfpq_m48,26,594,0.5,1.0,0.6131471927654584
uniform_ivfpq_m48,27,10122,0.5,0.16666666666666666,0.2691828628414762
uniform_ivfpq_m48,28,3091,0.5714285714285714,1.0,0.6920788373899056
uniform_ivfpq_m48,31,8537,0.0,0.0,0.0
uniform_ivfpq_m48,32,3357,0.0,0.0,0.0
uniform_ivfpq_m48,33,1783,0.0,0.0,0.0
uniform_ivfpq_m48,34,6004,0.0,0.0,0.0
uniform_ivfpq_m48,35,2923,0.8,1.0,0.8122682216087223
uniform_ivfpq_m48,36,5271,0.0,0.0,0.0
uniform_ivfpq_m48,37,2108,0.3333333333333333,0.125,0.1480409554829326
uniform_ivfpq_m48,38,7590,0.5,0.14285714285714285,0.20438239758848611
uniform_ivfpq_m48,39,932,0.0,0.0,0.0
uniform_ivfpq_m48,40,5981,0.8,1.0,0.8539316501572937
uniform_ivfpq_m48,41,4837,0.0,0.0,0.0
uniform_ivfpq_m48,42,4415,0.0,0.0,0.0
uniform_ivfpq_m48,43,1915,1.0,0.16666666666666666,0.41183384043543503
uniform_ivfpq_m48,45,2316,0.0,0.0,0.0
uniform_ivfpq_m48,46,8102,0.0,0.0,0.0
uniform_ivfpq_m48,47,3405,0.0,0.0,0.0
uniform_ivfpq_m48,48,7928,0.0,0.0,0.0
uniform_ivfpq_m48,50,1281,0.0,0.0,0.0
uniform_ivfpq_m48,51,3830,1.0,0.1111111111111111,0.3010299956639812
uniform_ivfpq_m48,52,3837,1.0,0.5,0.6309297535714575
uniform_ivfpq_m48,53,4447,0.0,0.0,0.0
uniform_ivfpq_m48,55,4777,0.0,0.0,0.0
uniform_ivfpq_m48,56,5741,0.5,1.0,0.6131471927654584
uniform_ivfpq_m48,57,2318,1.0,0.25,0.43067655807339306
uniform_ivfpq_m48,59,8271,0.0,0.0,0.0
uniform_ivfpq_m48,62,5888,0.5,0.1111111111111111,0.18457569677956817
uniform_ivfpq_m48,63,2568,0.42857142857142855,1.0,0.5306972923267992
uniform_ivfpq_m48,64,5150,0.0,0.0,0.0
uniform_ivfpq_m48,65,7124,0.25,1.0,0.3903800499921017
uniform_ivfpq_m48,66,2857,0.5,1.0,0.6366824387328317
uniform_ivfpq_m48,67,8539,0.0,0.0,0.0
uniform_ivfpq_m48,68,6896,0.0,0.0,0.0
uniform_ivfpq_m48,69,1085,0.0,0.0,0.0
uniform_ivfpq_m48,70,5422,0.25,0.2,0.15101961822780524
uniform_ivfpq_m48,71,8247,0.0,0.0,0.0
uniform_ivfpq_m48,73,10482,0.0,0.0,0.0
uniform_ivfpq_m48,74,4571,0.0,0.0,0.0
uniform_ivfpq_m48,75,8789,0.6666666666666666,1.0,0.7653606369886217
uniform_ivfpq_m48,76,8034,0.0,0.0,0.0
uniform_ivfpq_m48,77,4600,1.0,0.16666666666666666,0.3562071871080222
uniform_ivfpq_m48,78,2423,0.14285714285714285,0.3333333333333333,0.13743816645714543
uniform_ivfpq_m48,79,8475,0.7142857142857143,1.0,0.8020378746650065
uniform_ivfpq_m48,80,4523,0.2,1.0,0.3391602052736161
uniform_ivfpq_m48,81,8513,0.0,0.0,0.0
uniform_ivfpq_m48,83,9291,0.0,0.0,0.0
uniform_ivfpq_m48,84,8532,0.0,0.0,0.0
uniform_ivfpq_m48,85,1824,1.0,1.0,1.0
uniform_ivfpq_m48,86,5054,0.0,0.0,0.0
uniform_ivfpq_m48,87,1159,0.0,0.0,0.0
uniform_ivfpq_m48,88,4920,1.0,1.0,0.7928654229965442
uniform_ivfpq_m48,89,68,0.0,0.0,0.0
uniform_ivfpq_m48,90,7269,1.0,0.2,0.38685280723454163
uniform_ivfpq_m48,91,750,1.0,1.0,0.8503449055347546
uniform_ivfpq_m48,92,9701,0.0,0.0,0.0
uniform_ivfpq_m48,94,9126,0.0,0.0,0.0
uniform_ivfpq_m48,95,34,0.0,0.0,0.0
uniform_ivfpq_m48,96,4011,1.0,1.0,0.9010126104210695
uniform_ivfpq_m48,97,4700,1.0,0.2,0.38685280723454163
uniform_ivfpq_m48,98,6395,0.0,0.0,0.0
uniform_ivfpq_m48,99,852,0.6666666666666666,1.0,0.617319681505689
uniform_ivfpq_m48,100,9115,0.3333333333333333,0.25,0.20210734650054757
uniform_ivfpq_m48,103,4767,0.0,0.0,0.0
uniform_ivfpq_m48,104,2593,0.3333333333333333,0.25,0.20210734650054757
uniform_ivfpq_m48,105,2724,0.0,0.0,0.0
uniform_ivfpq_m48,106,11088,1.0,1.0,1.0
uniform_ivfpq_m48,108,109,1.0,1.0,1.0
uniform_ivfpq_m48,109,8351,0.0,0.0,0.0
uniform_ivfpq_m48,111,3480,1.0,1.0,1.0
uniform_ivfpq_m48,112,7992,0.5,0.3333333333333333,0.3065735963827292
uniform_ivfpq_m48,113,858,0.0,0.0,0.0
uniform_ivfpq_m48,114,4019,0.2,0.2,0.13120507751234178
uniform_ivfpq_m48,115,6080,0.5,1.0,0.6131471927654584
uniform_ivfpq_m48,116,2580,0.0,0.0,0.0
uniform_ivfpq_m48,117,7513,0.0,0.0,0.0
uniform_ivfpq_m48,119,5402,0.0,0.0,0.0
uniform_ivfpq_m48,120,4504,1.0,1.0,0.8065735963827293
uniform_ivfpq_m48,121,6562,0.25,1.0,0.3903800499921017
uniform_ivfpq_m48,122,4775,0.0,0.0,0.0
uniform_ivfpq_m48,123,9565,1.0,1.0,1.0
uniform_ivfpq_m48,124,10734,0.6666666666666666,1.0,0.6764554268686237
uniform_ivfpq_m48,126,585,0.0,0.0,0.0
uniform_ivfpq_m48,127,8934,0.0,0.0,0.0
uniform_ivfpq_m48,128,11054,1.0,1.0,1.0
uniform_ivfpq_m48,129,56,0.0,0.0,0.0
uniform_ivfpq_m48,130,6862,1.0,1.0,1.0
uniform_ivfpq_m48,131,9598,0.0,0.0,0.0
uniform_ivfpq_m48,133,90,0.0,0.0,0.0
uniform_ivfpq_m48,134,8592,0.6666666666666666,0.5,0.43734888382569426
uniform_ivfpq_m48,135,10547,0.0,0.0,0.0
uniform_ivfpq_m48,136,5231,0.0,0.0,0.0
uniform_ivfpq_m48,137,7674,0.0,0.0,0.0
uniform_ivfpq_m48,138,3103,1.0,1.0,1.0
uniform_ivfpq_m48,139,10137,0.0,0.0,0.0
uniform_ivfpq_m48,140,1415,0.75,1.0,0.75369761125927
uniform_ivfpq_m48,141,5940,0.0,0.0,0.0
uniform_ivfpq_m48,142,6612,0.0,0.0,0.0
uniform_ivfpq_m48,143,945,1.0,0.1,0.2890648263178879
uniform_ivfpq_m48,144,2549,0.0,0.0,0.0
uniform_ivfpq_m48,146,588,1.0,0.5,0.5912352048230277
uniform_ivfpq_m48,147,4233,0.8,1.0,0.7974049492783575
uniform_ivfpq_m48,149,8456,0.3333333333333333,1.0,0.46927872602275644
uniform_ivfpq_m48,150,10213,0.0,0.0,0.0
uniform_ivfpq_m48,151,106,0.0,0.0,0.0
uniform_ivfpq_m48,152,4306,0.25,1.0,0.3903800499921017
uniform_ivfpq_m48,153,5196,0.0,0.0,0.0
uniform_ivfpq_m48,154,3006,0.0,0.0,0.0
uniform_ivfpq_m48,156,3909,0.1,0.5,0.13886244387355456
uniform_ivfpq_m48,157,4116,1.0,1.0,1.0
uniform_ivfpq_m48,158,4942,0.0,0.0,0.0
uniform_ivfpq_m48,159,6907,0.0,0.0,0.0
uniform_ivfpq_m48,160,5464,0.0,0.0,0.0
uniform_ivfpq_m48,162,691,0.0,0.0,0.0
uniform_ivfpq_m48,163,3177,0.0,0.0,0.0
uniform_ivfpq_m48,166,2088,0.0,0.0,0.0
uniform_ivfpq_m48,167,9391,0.5,0.5,0.35914753008966527
uniform_ivfpq_m48,168,529,0.0,0.0,0.0
uniform_ivfpq_m48,169,2118,0.0,0.0,0.0
uniform_ivfpq_m48,170,3148,0.4,1.0,0.5531464700081437
uniform_ivfpq_m48,171,4955,0.0,0.0,0.0
uniform_ivfpq_m48,173,4678,0.0,0.0,0.0
uniform_ivfpq_m48,174,2398,0.0,0.0,0.0
uniform_ivfpq_m48,175,3569,0.0,0.0,0.0
uniform_ivfpq_m48,176,8072,0.3333333333333333,1.0,0.46927872602275644
uniform_ivfpq_m48,179,6746,0.0,0.0,0.0
uniform_ivfpq_m48,180,5511,0.1,0.25,0.09478836436955079
uniform_ivfpq_m48,181,6009,0.0,0.0,0.0
uniform_ivfpq_m48,184,1157,0.5,0.5,0.38685280723454163
uniform_ivfpq_m48,185,988,0.0,0.0,0.0
uniform_ivfpq_m48,186,3369,0.0,0.0,0.0
uniform_ivfpq_m48,187,9296,0.5,1.0,0.6131471927654584
uniform_ivfpq_m48,188,9643,1.0,0.1111111111111111,0.3010299956639812
uniform_ivfpq_m48,189,9245,0.0,0.0,0.0
uniform_ivfpq_m48,192,26,0.5,0.5,0.38685280723454163
uniform_ivfpq_m48,193,4962,0.0,0.0,0.0
uniform_ivfpq_m48,194,4846,0.0,0.0,0.0
uniform_ivfpq_m48,195,2460,1.0,1.0,1.0
uniform_ivfpq_m48,196,9403,0.0,0.0,0.0
uniform_ivfpq_m48,197,5646,1.0,1.0,0.9134015924715543
uniform_ivfpq_m48,198,3503,0.0,0.0,0.0
uniform_ivfpq_m48,200,929,1.0,1.0,1.0
uniform_ivfpq_m48,201,5993,0.13333333333333333,0.5,0.23365080824310536
uniform_ivfpq_m48,202,10845,1.0,1.0,1.0
uniform_ivfpq_m48,203,8116,0.5,0.14285714285714285,0.20438239758848611
uniform_ivfpq_m48,204,9633,0.0,0.0,0.0
uniform_ivfpq_m48,205,5710,0.0,0.0,0.0
uniform_ivfpq_m48,206,9824,1.0,1.0,1.0
uniform_ivfpq_m48,207,7529,0.5,0.25,0.2640681225725909
uniform_ivfpq_m48,208,475,1.0,0.25,0.43067655807339306
uniform_ivfpq_m48,209,5021,0.0,0.0,0.0
uniform_ivfpq_m48,210,9548,0.0,0.0,0.0
uniform_ivfpq_m48,211,7592,0.0,0.0,0.0
uniform_ivfpq_m48,213,7758,1.0,0.5,0.6309297535714575
uniform_ivfpq_m48,214,3612,0.0,0.0,0.0
uniform_ivfpq_m48,215,10596,0.8,1.0,0.76075668812226
uniform_ivfpq_m48,216,4153,0.0,0.0,0.0
uniform_ivfpq_m48,217,4409,0.1,1.0,0.2200917662980802
uniform_ivfpq_m48,218,5369,0.0,0.0,0.0
uniform_ivfpq_m48,219,2070,0.0,0.0,0.0
uniform_ivfpq_m48,220,5505,1.0,0.125,0.31546487678572877
uniform_ivfpq_m48,222,11039,0.375,1.0,0.49232631845500163
uniform_ivfpq_m48,223,5460,0.0,0.0,0.0
uniform_ivfpq_m48,224,7925,0.0,0.0,0.0
uniform_ivfpq_m48,225,4286,0.5,1.0,0.6131471927654584
uniform_ivfpq_m48,226,3789,0.5,1.0,0.6366824387328317
uniform_ivfpq_m48,227,5228,0.0,0.0,0.0
uniform_ivfpq_m48,228,2685,0.0,0.0,0.0
uniform_ivfpq_m48,229,8702,0.6666666666666666,0.25,0.34337431936037655
uniform_ivfpq_m48,230,1877,1.0,1.0,1.0
uniform_ivfpq_m48,231,10645,0.5,1.0,0.6131471927654584
uniform_ivfpq_m48,232,1090,0.0,0.0,0.0
uniform_ivfpq_m48,233,7080,0.5,0.5,0.38685280723454163
uniform_ivfpq_m48,235,3682,0.0,0.0,0.0
uniform_ivfpq_m48,237,8507,0.0,0.0,0.0
uniform_ivfpq_m48,238,6221,0.0,0.0,0.0
uniform_ivfpq_m48,240,6468,0.5,0.5,0.38685280723454163
uniform_ivfpq_m48,241,3008,0.25,1.0,0.3903800499921017
uniform_ivfpq_m48,244,6644,0.0,0.0,0.0
uniform_ivfpq_m48,245,6420,1.0,1.0,0.8315546295836225
uniform_ivfpq_m48,247,4844,1.0,1.0,0.7977228895450266
uniform_ivfpq_m48,248,7463,0.0,0.0,0.0
uniform_ivfpq_m48,250,10267,0.0,0.0,0.0
uniform_ivfpq_m48,251,7622,0.0,0.0,0.0
uniform_ivfpq_m48,253,2498,0.0,0.0,0.0
uniform_ivfpq_m48,255,3767,0.0,0.0,0.0
uniform_ivfpq_m48,256,7145,0.6666666666666666,0.5,0.431733884398313
uniform_ivfpq_m48,258,9556,1.0,1.0,1.0
uniform_ivfpq_m48,260,6410,0.0,0.0,0.0
uniform_ivfpq_m48,261,5155,0.0,0.0,0.0
uniform_ivfpq_m48,262,5030,0.0,0.0,0.0
uniform_ivfpq_m48,263,6252,0.0,0.0,0.0
uniform_ivfpq_m48,267,766,0.3333333333333333,0.25,0.20210734650054757
uniform_ivfpq_m48,268,8779,0.0,0.0,0.0
uniform_ivfpq_m48,269,2183,0.5,1.0,0.5203978935105923
uniform_ivfpq_m48,270,6219,0.5,1.0,0.6131471927654584
uniform_ivfpq_m48,271,6849,0.0,0.0,0.0
uniform_ivfpq_m48,272,8079,1.0,1.0,0.7864724919925569
uniform_ivfpq_m48,273,5086,1.0,1.0,1.0
uniform_ivfpq_m48,274,8202,0.0,0.0,0.0
uniform_ivfpq_m48,275,7345,0.3333333333333333,0.1,0.13565197343244778
uniform_ivfpq_m48,276,2648,1.0,0.5,0.6309297535714575
uniform_ivfpq_m48,278,776,0.25,1.0,0.4225749983705865
uniform_ivfpq_m48,279,5125,0.0,0.0,0.0
uniform_ivfpq_m48,280,89,0.16666666666666666,0.5,0.19092086617893467
uniform_ivfpq_m48,281,9329,0.0,0.0,0.0
uniform_ivfpq_m48,282,2516,0.5,1.0,0.6366824387328317
uniform_ivfpq_m48,283,6629,0.0,0.0,0.0
uniform_ivfpq_m48,284,8970,1.0,1.0,1.0
uniform_ivfpq_m48,285,4484,1.0,1.0,1.0
uniform_ivfpq_m48,286,1451,1.0,0.16666666666666666,0.3562071871080222
uniform_ivfpq_m48,287,1889,0.0,0.0,0.0
uniform_ivfpq_m48,288,1920,1.0,0.3333333333333333,0.5
uniform_ivfpq_m48,289,8013,0.0,0.0,0.0
uniform_ivfpq_m48,290,3759,0.0,0.0,0.0
uniform_ivfpq_m48,291,7295,0.0,0.0,0.0
uniform_ivfpq_m48,292,7448,0.0,0.0,0.0
uniform_ivfpq_m48,293,7329,0.5,1.0,0.6131471927654584
uniform_ivfpq_m48,294,10639,0.0,0.0,0.0
uniform_ivfpq_m48,296,4312,0.2857142857142857,0.5,0.26014148548235916
uniform_ivfpq_m48,297,1230,0.0,0.0,0.0
uniform_ivfpq_m48,298,2486,1.0,0.25,0.43067655807339306
uniform_ivfpq_m48,299,6121,1.0,1.0,0.8772153153380493
uniform_ivfpq_m48,300,859,0.0,0.0,0.0
uniform_ivfpq_m48,302,2590,0.3333333333333333,1.0,0.46927872602275644
uniform_ivfpq_m48,303,3781,1.0,1.0,0.8772153153380493
uniform_ivfpq_m48,304,5374,0.0,0.0,0.0
uniform_ivfpq_m48,305,1310,0.0,0.0,0.0
uniform_ivfpq_m48,306,8005,0.0,0.0,0.0
uniform_ivfpq_m48,307,2994,0.3333333333333333,0.16666666666666666,0.16716045496620227
uniform_ivfpq_m48,308,6142,0.5,0.5,0.38685280723454163
uniform_ivfpq_m48,309,3125,1.0,1.0,1.0
uniform_ivfpq_m48,310,8832,1.0,1.0,1.0
uniform_ivfpq_m48,311,3683,0.5,1.0,0.540715333933695
uniform_ivfpq_m48,312,939,1.0,1.0,1.0
uniform_ivfpq_m48,313,7206,0.0,0.0,0.0
uniform_ivfpq_m48,314,10246,0.0,0.0,0.0
uniform_ivfpq_m48,315,5241,0.0,0.0,0.0
uniform_ivfpq_m48,316,8121,0.0,0.0,0.0
uniform_ivfpq_m48,317,98,0.5,1.0,0.6131471927654584
uniform_ivfpq_m48,318,5064,1.0,1.0,0.8065735963827293
uniform_ivfpq_m48,319,4615,0.6666666666666666,1.0,0.7193074786775862
uniform_ivfpq_m48,320,7467,0.0,0.0,0.0
uniform_ivfpq_m48,322,503,0.0,0.0,0.0
uniform_ivfpq_m48,324,6467,0.0,0.0,0.0
uniform_ivfpq_m48,325,4289,0.5,0.25,0.2640681225725909
uniform_ivfpq_m48,326,4394,0.0,0.0,0.0
uniform_ivfpq_m48,327,4047,0.75,1.0,0.7598336331031966
uniform_ivfpq_m48,328,1815,1.0,1.0,1.0
uniform_ivfpq_m48,329,7218,0.0,0.0,0.0
uniform_ivfpq_m48,330,8982,0.0,0.0,0.0
uniform_ivfpq_m48,331,8874,0.0,0.0,0.0
uniform_ivfpq_m48,334,8937,0.0,0.0,0.0
uniform_ivfpq_m48,335,7344,0.5,1.0,0.6131471927654584
uniform_ivfpq_m48,336,2856,0.5,0.5,0.44149241373678083
uniform_ivfpq_m48,337,7801,0.5,1.0,0.6131471927654584
uniform_ivfpq_m48,339,6875,0.0,0.0,0.0
uniform_ivfpq_m48,340,6891,0.3333333333333333,1.0,0.46927872602275644
uniform_ivfpq_m48,341,7702,0.5,0.14285714285714285,0.20438239758848611
uniform_ivfpq_m48,342,2695,1.0,1.0,1.0
uniform_ivfpq_m48,346,5427,0.5,1.0,0.6131471927654584
uniform_ivfpq_m48,347,2587,1.0,1.0,1.0
uniform_ivfpq_m48,348,5782,0.2,1.0,0.3391602052736161
uniform_ivfpq_m48,349,9871,0.0,0.0,0.0
uniform_ivfpq_m48,350,6668,0.0,0.0,0.0
uniform_ivfpq_m48,352,2443,0.0,0.0,0.0
uniform_ivfpq_m48,353,3179,0.5,0.3333333333333333,0.3065735963827292
uniform_ivfpq_m48,354,3404,0.0,0.0,0.0
uniform_ivfpq_m48,355,3453,0.0,0.0,0.0
uniform_ivfpq_m48,357,5808,1.0,0.25,0.43067655807339306
uniform_ivfpq_m48,358,4845,1.0,1.0,0.9325210919548239
uniform_ivfpq_m48,359,3625,0.0,0.0,0.0
uniform_ivfpq_m48,363,4464,0.0,0.0,0.0
uniform_ivfpq_m48,364,3822,0.25,0.16666666666666666,0.13905617951077562
uniform_ivfpq_m48,365,7879,0.0,0.0,0.0
uniform_ivfpq_m48,367,8512,0.0,0.0,0.0
uniform_ivfpq_m48,368,3995,0.2,0.25,0.14606834984270645
uniform_ivfpq_m48,369,559,0.0,0.0,0.0
uniform_ivfpq_m48,370,3791,0.3333333333333333,0.14285714285714285,0.15642624200758548
uniform_ivfpq_m48,371,8002,0.6666666666666666,1.0,0.7039180890341347
uniform_ivfpq_m48,372,4179,0.0,0.0,0.0
uniform_ivfpq_m48,373,2891,1.0,1.0,1.0
uniform_ivfpq_m48,374,853,0.5,0.125,0.19342640361727081
uniform_ivfpq_m48,375,10136,0.3333333333333333,0.5,0.2960819109658652
uniform_ivfpq_m48,377,2513,1.0,0.125,0.31546487678572877
uniform_ivfpq_m48,378,5206,0.16666666666666666,0.16666666666666666,0.10778915452451093
uniform_ivfpq_m48,380,4433,0.0,0.0,0.0
uniform_ivfpq_m48,381,4188,0.0,0.0,0.0
uniform_ivfpq_m48,382,2713,0.0,0.0,0.0
uniform_ivfpq_m48,383,9060,0.5,1.0,0.6131471927654584
uniform_ivfpq_m48,384,7098,0.5,0.25,0.2640681225725909
uniform_ivfpq_m48,385,10628,1.0,0.125,0.31546487678572877
uniform_ivfpq_m48,386,6683,0.0,0.0,0.0
uniform_ivfpq_m48,387,10183,0.0,0.0,0.0
uniform_ivfpq_m48,388,3829,0.5,0.14285714285714285,0.20438239758848611
uniform_ivfpq_m48,389,5585,0.0,0.0,0.0
uniform_ivfpq_m48,390,4105,0.0,0.0,0.0
uniform_ivfpq_m48,391,1074,1.0,1.0,1.0
uniform_ivfpq_m48,394,9275,0.0,0.0,0.0
uniform_ivfpq_m48,395,10497,0.3,1.0,0.4373524791503101
uniform_ivfpq_m48,396,9481,1.0,0.5,0.6509209298071326
uniform_ivfpq_m48,397,3500,0.16666666666666666,0.16666666666666666,0.10778915452451093
uniform_ivfpq_m48,399,1306,0.0,0.0,0.0
uniform_ivfpq_m48,400,1826,0.5,1.0,0.6366824387328317
uniform_ivfpq_m48,401,6262,0.6666666666666666,1.0,0.7039180890341347
uniform_ivfpq_m48,402,5347,1.0,0.3333333333333333,0.5
uniform_ivfpq_m48,403,4500,0.0,0.0,0.0
uniform_ivfpq_m48,404,3615,1.0,0.3333333333333333,0.5706417189553201
uniform_ivfpq_m48,405,8632,0.0,0.0,0.0
uniform_ivfpq_m48,406,9979,0.25,0.3333333333333333,0.19519002499605084
uniform_ivfpq_m48,407,9617,0.3333333333333333,0.3333333333333333,0.23463936301137822
uniform_ivfpq_m48,408,1948,0.0,0.0,0.0
uniform_ivfpq_m48,409,6133,0.0,0.0,0.0
uniform_ivfpq_m48,410,9737,0.6666666666666666,1.0,0.7039180890341347
uniform_ivfpq_m48,411,3771,0.3333333333333333,1.0,0.4935232796777481
uniform_ivfpq_m48,412,1736,0.4,0.16666666666666666,0.227804435066758
uniform_ivfpq_m48,413,5255,0.6666666666666666,1.0,0.7653606369886217
uniform_ivfpq_m48,414,5380,1.0,1.0,1.0
uniform_ivfpq_m48,416,2051,0.0,0.0,0.0
uniform_ivfpq_m48,417,5067,0.0,0.0,0.0
uniform_ivfpq_m48,418,10414,1.0,1.0,0.8503449055347546
uniform_ivfpq_m48,421,4756,0.0,0.0,0.0
uniform_ivfpq_m48,422,7754,1.0,1.0,1.0
uniform_ivfpq_m48,423,2076,1.0,0.3333333333333333,0.5437713091520254
uniform_ivfpq_m48,424,1322,0.0,0.0,0.0
uniform_ivfpq_m48,426,5172,0.0,0.0,0.0
uniform_ivfpq_m48,427,5185,0.0,0.0,0.0
uniform_ivfpq_m48,428,9644,1.0,0.14285714285714285,0.3333333333333333
uniform_ivfpq_m48,429,6909,0.0,0.0,0.0
uniform_ivfpq_m48,430,5906,0.0,0.0,0.0
uniform_ivfpq_m48,431,2348,0.13333333333333333,0.14285714285714285,0.13698471029831177
uniform_ivfpq_m48,432,687,0.0,0.0,0.0
uniform_ivfpq_m48,433,8017,1.0,0.16666666666666666,0.3562071871080222
uniform_ivfpq_m48,434,8795,1.0,1.0,1.0
uniform_ivfpq_m48,435,4499,0.0,0.0,0.0
uniform_ivfpq_m48,437,42,0.0,0.0,0.0
uniform_ivfpq_m48,440,8296,1.0,1.0,1.0
uniform_ivfpq_m48,441,659,0.5,1.0,0.5384109300791363
uniform_ivfpq_m48,442,9108,0.0,0.0,0.0
uniform_ivfpq_m48,443,6835,0.0,0.0,0.0
uniform_ivfpq_m48,444,6803,0.5,0.5,0.369453583111095
uniform_ivfpq_m48,445,9381,0.0,0.0,0.0
uniform_ivfpq_m48,447,3067,0.0,0.0,0.0
uniform_ivfpq_m48,448,4125,0.0,0.0,0.0
uniform_ivfpq_m48,449,1150,0.0,0.0,0.0
uniform_ivfpq_m48,450,7431,0.0,0.0,0.0
uniform_ivfpq_m48,451,2384,1.0,0.3333333333333333,0.5
uniform_ivfpq_m48,452,895,1.0,1.0,1.0
uniform_ivfpq_m48,453,7747,0.0,0.0,0.0
uniform_ivfpq_m48,454,879,1.0,1.0,1.0
uniform_ivfpq_m48,455,8040,0.0,0.0,0.0
uniform_ivfpq_m48,456,3051,1.0,1.0,1.0
uniform_ivfpq_m48,457,7705,0.3333333333333333,0.5,0.2960819109658652
uniform_ivfpq_m48,458,10039,0.0,0.0,0.0
uniform_ivfpq_m48,459,9808,0.3333333333333333,0.25,0.20210734650054757
uniform_ivfpq_m48,460,7188,1.0,0.5,0.6309297535714575
uniform_ivfpq_m48,461,4813,1.0,0.5,0.6309297535714575
uniform_ivfpq_m48,462,3888,0.0,0.0,0.0
uniform_ivfpq_m48,464,957,0.3333333333333333,0.125,0.1480409554829326
uniform_ivfpq_m48,465,10601,0.0,0.0,0.0
uniform_ivfpq_m48,466,1871,0.5,0.5,0.3973220069685352
uniform_ivfpq_m48,467,5331,1.0,0.3333333333333333,0.5
uniform_ivfpq_m48,468,2790,0.2857142857142857,1.0,0.3932591258696538
uniform_ivfpq_m48,469,9882,0.0,0.0,0.0
uniform_ivfpq_m48,470,4999,0.5,1.0,0.5294362295028773
uniform_ivfpq_m48,471,4142,0.25,0.16666666666666666,0.13905617951077562
uniform_ivfpq_m48,472,3189,0.0,0.0,0.0
uniform_ivfpq_m48,473,5134,0.0,0.0,0.0
uniform_ivfpq_m48,474,1321,0.0,0.0,0.0
uniform_ivfpq_m48,475,10710,1.0,0.14285714285714285,0.3333333333333333
uniform_ivfpq_m48,476,6890,0.5,0.5,0.38685280723454163
uniform_ivfpq_m48,477,3049,0.75,0.5,0.553486104522623
uniform_ivfpq_m48,478,849,0.0,0.0,0.0
uniform_ivfpq_m48,481,715,0.0,0.0,0.0
uniform_ivfpq_m48,484,2204,0.75,1.0,0.8178341711089538
uniform_ivfpq_m48,485,9646,0.5,1.0,0.6131471927654584
uniform_ivfpq_m48,486,2334,0.3333333333333333,0.125,0.1480409554829326
uniform_ivfpq_m48,487,2903,0.0,0.0,0.0
uniform_ivfpq_m48,488,4827,1.0,0.5,0.6309297535714575
uniform_ivfpq_m48,491,1530,0.6666666666666666,0.5,0.49818925746641285
uniform_ivfpq_m48,492,504,0.3333333333333333,0.14285714285714285,0.15642624200758548
uniform_ivfpq_m48,493,721,1.0,1.0,1.0
uniform_ivfpq_m48,495,3186,0.5,1.0,0.6131471927654584
uniform_ivfpq_m48,497,3859,0.0,0.0,0.0
uniform_ivfpq_m48,498,1994,0.0,0.0,0.0
uniform_ivfpq_m48,499,6647,0.6666666666666666,1.0,0.6713860725233041
uniform_ivfpq_m48,500,9164,0.3333333333333333,0.5,0.2960819109658652
uniform_ivfpq_m48,501,1812,0.5,0.1111111111111111,0.18457569677956817
uniform_ivfpq_m48,502,10462,0.0,0.0,0.0
uniform_ivfpq_m48,503,8855,0.0,0.0,0.0
uniform_ivfpq_m48,505,4968,0.0,0.0,0.0
uniform_ivfpq_m48,506,7876,0.0,0.0,0.0
uniform_ivfpq_m48,507,7071,0.0,0.0,0.0
uniform_ivfpq_m48,508,3534,0.0,0.0,0.0
uniform_ivfpq_m48,509,8974,0.375,0.5,0.3200466520981656
uniform_ivfpq_m48,510,10912,0.0,0.0,0.0
uniform_ivfpq_m48,511,2737,1.0,1.0,1.0
uniform_ivfpq_m48,512,2964,0.0,0.0,0.0
uniform_ivfpq_m48,513,5178,0.4,0.5,0.34519134224686937
uniform_ivfpq_m48,514,5061,0.0,0.0,0.0
uniform_ivfpq_m48,516,9385,1.0,0.14285714285714285,0.3333333333333333
uniform_ivfpq_m48,517,4411,0.3333333333333333,0.14285714285714285,0.15642624200758548
uniform_ivfpq_m48,518,515,1.0,1.0,1.0
uniform_ivfpq_m48,519,2075,0.3333333333333333,1.0,0.40432209650495937
uniform_ivfpq_m48,520,8230,0.0,0.0,0.0
uniform_ivfpq_m48,521,4335,0.25,1.0,0.3903800499921017
uniform_ivfpq_m48,522,7533,0.0,0.0,0.0
uniform_ivfpq_m48,523,5683,0.0,0.0,0.0
uniform_ivfpq_m48,524,4785,1.0,1.0,1.0
uniform_ivfpq_m48,525,7456,0.0,0.0,0.0
uniform_ivfpq_m48,526,3528,0.0,0.0,0.0
uniform_ivfpq_m48,528,9487,0.0,0.0,0.0
uniform_ivfpq_m48,529,10792,1.0,1.0,0.8772153153380493
uniform_ivfpq_m48,530,5264,0.6,1.0,0.6992148198508501
uniform_ivfpq_m48,531,9733,0.0,0.0,0.0
uniform_ivfpq_m48,533,7311,0.0,0.0,0.0
uniform_ivfpq_m48,534,744,0.0,0.0,0.0
uniform_ivfpq_m48,535,7141,0.0,0.0,0.0
uniform_ivfpq_m48,536,672,0.0,0.0,0.0
uniform_ivfpq_m48,537,6002,0.5454545454545454,1.0,0.6531466953037822
uniform_ivfpq_m48,538,4071,0.0,0.0,0.0
uniform_ivfpq_m48,539,4103,0.0,0.0,0.0
uniform_ivfpq_m48,540,1441,1.0,1.0,1.0
uniform_ivfpq_m48,542,7512,0.0,0.0,0.0
uniform_ivfpq_m48,543,2589,0.3333333333333333,0.5,0.2960819109658652
uniform_ivfpq_m48,544,2598,0.5,0.5,0.38685280723454163
uniform_ivfpq_m48,545,6800,1.0,1.0,1.0
uniform_ivfpq_m48,546,1391,0.0,0.0,0.0
uniform_ivfpq_m48,547,6278,1.0,1.0,0.9197207891481876
uniform_ivfpq_m48,548,7534,0.3333333333333333,1.0,0.46927872602275644
uniform_ivfpq_m48,549,5356,0.2,0.5,0.21398626473452756
uniform_ivfpq_m48,550,2579,0.3333333333333333,1.0,0.3936948167222715
uniform_ivfpq_m48,551,9961,0.0,0.0,0.0
uniform_ivfpq_m48,552,7484,1.0,1.0,1.0
uniform_ivfpq_m48,553,5790,0.0,0.0,0.0
uniform_ivfpq_m48,554,7823,0.3333333333333333,0.3333333333333333,0.23463936301137822
uniform_ivfpq_m48,555,689,0.0,0.0,0.0
uniform_ivfpq_m48,556,604,0.6666666666666666,0.25,0.34337431936037655
uniform_ivfpq_m48,557,9174,0.4,0.5,0.31608365985743925
uniform_ivfpq_m48,558,6867,0.42857142857142855,1.0,0.47600514717497383
uniform_ivfpq_m48,559,5970,0.6666666666666666,0.3333333333333333,0.40179981797758046
uniform_ivfpq_m48,560,4681,1.0,1.0,0.9197207891481876
uniform_ivfpq_m48,562,6901,0.5,0.2,0.23719771276929622
uniform_ivfpq_m48,563,10808,0.6666666666666666,0.25,0.3501483019834802
uniform_ivfpq_m48,564,2383,0.5,0.125,0.19342640361727081
uniform_ivfpq_m48,565,3085,0.5,1.0,0.6131471927654584
uniform_ivfpq_m48,566,104,0.5,1.0,0.6131471927654584
uniform_ivfpq_m48,568,684,0.0,0.0,0.0
uniform_ivfpq_m48,569,10674,0.75,1.0,0.75369761125927
uniform_ivfpq_m48,571,10526,0.5,1.0,0.6131471927654584
uniform_ivfpq_m48,572,2181,0.0,0.0,0.0
uniform_ivfpq_m48,573,10994,0.0,0.0,0.0
uniform_ivfpq_m48,574,5903,0.0,0.0,0.0
uniform_ivfpq_m48,576,5254,0.0,0.0,0.0
uniform_ivfpq_m48,579,7936,0.6666666666666666,0.5,0.49818925746641285
uniform_ivfpq_m48,582,7633,0.25,1.0,0.3903800499921017
uniform_ivfpq_m48,583,2400,0.3333333333333333,0.5,0.2960819109658652
uniform_ivfpq_m48,584,5549,0.0,0.0,0.0
uniform_ivfpq_m48,585,1832,0.0,0.0,0.0
uniform_ivfpq_m48,586,2749,0.5,1.0,0.6131471927654584
uniform_ivfpq_m48,588,3735,0.0,0.0,0.0
uniform_ivfpq_m48,589,622,0.0,0.0,0.0
uniform_ivfpq_m48,591,4605,0.42857142857142855,1.0,0.5306972923267992
uniform_ivfpq_m48,592,2330,1.0,1.0,0.7977228895450266
uniform_ivfpq_m48,593,6792,0.0,0.0,0.0
uniform_ivfpq_m48,595,2885,0.0,0.0,0.0
uniform_ivfpq_m48,596,15,1.0,1.0,1.0
uniform_ivfpq_m48,597,6110,0.375,1.0,0.510383374527714
uniform_ivfpq_m48,598,4823,0.3333333333333333,1.0,0.46927872602275644
uniform_ivfpq_m48,599,3694,0.5,0.5,0.38685280723454163
uniform_ivfpq_m48,600,8,0.5,1.0,0.6131471927654584
uniform_ivfpq_m48,601,1309,0.25,1.0,0.3903800499921017
uniform_ivfpq_m48,603,699,0.0,0.0,0.0
uniform_ivfpq_m48,604,7109,0.6666666666666666,0.5,0.49818925746641285
uniform_ivfpq_m48,605,5080,0.0,0.0,0.0
uniform_ivfpq_m48,606,4981,0.6666666666666666,1.0,0.6508205185601091
uniform_ivfpq_m48,607,3875,1.0,1.0,1.0
uniform_ivfpq_m48,609,3934,0.0,0.0,0.0
uniform_ivfpq_m48,611,2264,0.5,1.0,0.6131471927654584
uniform_ivfpq_m48,612,2895,0.0,0.0,0.0
uniform_ivfpq_m48,613,6787,0.0,0.0,0.0
uniform_ivfpq_m48,614,7096,1.0,1.0,1.0
uniform_ivfpq_m48,615,2747,1.0,0.2,0.38685280723454163
uniform_ivfpq_m48,617,1748,0.3333333333333333,1.0,0.46927872602275644
uniform_ivfpq_m48,618,9735,0.0,0.0,0.0
uniform_ivfpq_m48,619,5862,0.0,0.0,0.0
uniform_ivfpq_m48,620,10932,1.0,1.0,1.0
uniform_ivfpq_m48,621,6041,0.5,1.0,0.6366824387328317
uniform_ivfpq_m48,622,7178,1.0,1.0,1.0
uniform_ivfpq_m48,623,7068,0.0,0.0,0.0
uniform_ivfpq_m48,625,10558,1.0,0.3333333333333333,0.5706417189553201
uniform_ivfpq_m48,626,3014,0.5,0.14285714285714285,0.20438239758848611
uniform_ivfpq_m48,627,4863,0.3333333333333333,1.0,0.46927872602275644
uniform_ivfpq_m48,629,1416,0.0,0.0,0.0
uniform_ivfpq_m48,630,2801,0.5,1.0,0.6131471927654584
uniform_ivfpq_m48,631,5343,1.0,0.16666666666666666,0.3562071871080222
uniform_ivfpq_m48,632,547,0.0,0.0,0.0
uniform_ivfpq_m48,633,6985,1.0,1.0,1.0
uniform_ivfpq_m48,634,2154,0.0,0.0,0.0
uniform_ivfpq_m48,638,3033,0.5,0.3333333333333333,0.3065735963827292
uniform_ivfpq_m48,641,10812,0.75,0.5,0.6096199500078984
uniform_ivfpq_m48,642,3512,1.0,1.0,1.0
uniform_ivfpq_m48,643,4102,0.0,0.0,0.0
uniform_ivfpq_m48,644,3566,0.0,0.0,0.0
uniform_ivfpq_m48,645,94,1.0,0.3333333333333333,0.5
uniform_ivfpq_m48,646,2551,1.0,1.0,0.8710785440003369
uniform_ivfpq_m48,647,2399,1.0,1.0,1.0
legacy_residual_pq_16b_top50,0,4641,0.4,1.0,0.5531464700081437
legacy_residual_pq_16b_top50,1,5503,0.0,0.0,0.0
legacy_residual_pq_16b_top50,3,7017,0.0,0.0,0.0
legacy_residual_pq_16b_top50,4,10152,1.0,1.0,1.0
legacy_residual_pq_16b_top50,6,4804,0.0,0.0,0.0
legacy_residual_pq_16b_top50,7,7911,1.0,1.0,1.0
legacy_residual_pq_16b_top50,8,10809,0.3333333333333333,1.0,0.46927872602275644
legacy_residual_pq_16b_top50,9,6715,0.0,0.0,0.0
legacy_residual_pq_16b_top50,10,2388,1.0,1.0,1.0
legacy_residual_pq_16b_top50,12,4465,0.3333333333333333,0.2,0.18154179253735267
legacy_residual_pq_16b_top50,13,7326,0.0,0.0,0.0
legacy_residual_pq_16b_top50,16,10827,0.2,0.25,0.14606834984270645
legacy_residual_pq_16b_top50,17,9771,0.0,0.0,0.0
legacy_residual_pq_16b_top50,18,7105,0.0,0.0,0.0
legacy_residual_pq_16b_top50,19,9332,0.0,0.0,0.0
legacy_residual_pq_16b_top50,21,5853,0.125,0.16666666666666666,0.0901000086523677
legacy_residual_pq_16b_top50,22,6832,0.0,0.0,0.0
legacy_residual_pq_16b_top50,23,6807,1.0,1.0,1.0
legacy_residual_pq_16b_top50,24,570,0.0,0.0,0.0
legacy_residual_pq_16b_top50,25,7279,0.75,1.0,0.6589157729763341
legacy_residual_pq_16b_top50,26,594,0.5,0.5,0.38685280723454163
legacy_residual_pq_16b_top50,27,10122,0.5,0.3333333333333333,0.33424620450682646
legacy_residual_pq_16b_top50,28,3091,0.2857142857142857,1.0,0.4483039899025303
legacy_residual_pq_16b_top50,31,8537,0.0,0.0,0.0
legacy_residual_pq_16b_top50,32,3357,0.0,0.0,0.0
legacy_residual_pq_16b_top50,33,1783,0.0,0.0,0.0
legacy_residual_pq_16b_top50,34,6004,0.0,0.0,0.0
legacy_residual_pq_16b_top50,35,2923,0.8,1.0,0.8539316501572937
legacy_residual_pq_16b_top50,36,5271,0.3333333333333333,0.3333333333333333,0.23463936301137822
legacy_residual_pq_16b_top50,37,2108,0.3333333333333333,0.5,0.2960819109658652
legacy_residual_pq_16b_top50,38,7590,0.5,0.125,0.19342640361727081
legacy_residual_pq_16b_top50,39,932,0.0,0.0,0.0
legacy_residual_pq_16b_top50,40,5981,0.8,1.0,0.830419897363192
legacy_residual_pq_16b_top50,41,4837,0.0,0.0,0.0
legacy_residual_pq_16b_top50,42,4415,0.0,0.0,0.0
legacy_residual_pq_16b_top50,43,1915,0.0,0.0,0.0
legacy_residual_pq_16b_top50,45,2316,0.5,0.1111111111111111,0.18457569677956817
legacy_residual_pq_16b_top50,46,8102,0.0,0.0,0.0
legacy_residual_pq_16b_top50,47,3405,0.0,0.0,0.0
legacy_residual_pq_16b_top50,48,7928,0.0,0.0,0.0
legacy_residual_pq_16b_top50,50,1281,0.0,0.0,0.0
legacy_residual_pq_16b_top50,51,3830,0.0,0.0,0.0
legacy_residual_pq_16b_top50,52,3837,1.0,0.2,0.38685280723454163
legacy_residual_pq_16b_top50,53,4447,1.0,0.1111111111111111,0.3010299956639812
legacy_residual_pq_16b_top50,55,4777,0.0,0.0,0.0
legacy_residual_pq_16b_top50,56,5741,0.0,0.0,0.0
legacy_residual_pq_16b_top50,57,2318,0.0,0.0,0.0
legacy_residual_pq_16b_top50,59,8271,0.0,0.0,0.0
legacy_residual_pq_16b_top50,62,5888,0.0,0.0,0.0
legacy_residual_pq_16b_top50,63,2568,0.42857142857142855,1.0,0.5546406709327603
legacy_residual_pq_16b_top50,64,5150,0.0,0.0,0.0
legacy_residual_pq_16b_top50,65,7124,0.25,1.0,0.3903800499921017
legacy_residual_pq_16b_top50,66,2857,0.5,1.0,0.6366824387328317
legacy_residual_pq_16b_top50,67,8539,0.0,0.0,0.0
legacy_residual_pq_16b_top50,68,6896,0.0,0.0,0.0
legacy_residual_pq_16b_top50,69,1085,0.0,0.0,0.0
legacy_residual_pq_16b_top50,70,5422,0.25,0.5,0.24630238874073
legacy_residual_pq_16b_top50,71,8247,0.0,0.0,0.0
legacy_residual_pq_16b_top50,73,10482,0.0,0.0,0.0
legacy_residual_pq_16b_top50,74,4571,0.3333333333333333,1.0,0.46927872602275644
legacy_residual_pq_16b_top50,75,8789,0.6666666666666666,1.0,0.7653606369886217
legacy_residual_pq_16b_top50,76,8034,0.0,0.0,0.0
legacy_residual_pq_16b_top50,77,4600,1.0,1.0,1.0
legacy_residual_pq_16b_top50,78,2423,0.0,0.0,0.0
legacy_residual_pq_16b_top50,79,8475,0.7142857142857143,1.0,0.7957503936198023
legacy_residual_pq_16b_top50,80,4523,0.4,0.5,0.32097939710179135
legacy_residual_pq_16b_top50,81,8513,0.0,0.0,0.0
legacy_residual_pq_16b_top50,83,9291,0.0,0.0,0.0
legacy_residual_pq_16b_top50,84,8532,0.0,0.0,0.0
legacy_residual_pq_16b_top50,85,1824,1.0,0.25,0.43067655807339306
legacy_residual_pq_16b_top50,86,5054,0.0,0.0,0.0
legacy_residual_pq_16b_top50,87,1159,0.0,0.0,0.0
legacy_residual_pq_16b_top50,88,4920,0.6666666666666666,1.0,0.6257049680303419
legacy_residual_pq_16b_top50,89,68,0.0,0.0,0.0
legacy_residual_pq_16b_top50,90,7269,1.0,0.16666666666666666,0.3562071871080222
legacy_residual_pq_16b_top50,91,750,0.5,1.0,0.6131471927654584
legacy_residual_pq_16b_top50,92,9701,0.0,0.0,0.0
legacy_residual_pq_16b_top50,94,9126,0.0,0.0,0.0
legacy_residual_pq_16b_top50,95,34,0.0,0.0,0.0
legacy_residual_pq_16b_top50,96,4011,1.0,1.0,0.9325210919548239
legacy_residual_pq_16b_top50,97,4700,1.0,1.0,1.0
legacy_residual_pq_16b_top50,98,6395,0.0,0.0,0.0
legacy_residual_pq_16b_top50,99,852,0.6666666666666666,1.0,0.6105456988825855
legacy_residual_pq_16b_top50,100,9115,0.3333333333333333,0.5,0.2960819109658652
legacy_residual_pq_16b_top50,103,4767,0.0,0.0,0.0
legacy_residual_pq_16b_top50,104,2593,0.3333333333333333,0.5,0.2960819109658652
legacy_residual_pq_16b_top50,105,2724,0.0,0.0,0.0
legacy_residual_pq_16b_top50,106,11088,1.0,1.0,1.0
legacy_residual_pq_16b_top50,108,109,1.0,0.3333333333333333,0.5
legacy_residual_pq_16b_top50,109,8351,0.0,0.0,0.0
legacy_residual_pq_16b_top50,111,3480,1.0,1.0,1.0
legacy_residual_pq_16b_top50,112,7992,0.5,0.14285714285714285,0.20438239758848611
legacy_residual_pq_16b_top50,113,858,0.0,0.0,0.0
legacy_residual_pq_16b_top50,114,4019,0.2,0.16666666666666666,0.1208113026994942
legacy_residual_pq_16b_top50,115,6080,0.5,1.0,0.6131471927654584
legacy_residual_pq_16b_top50,116,2580,0.0,0.0,0.0
legacy_residual_pq_16b_top50,117,7513,0.0,0.0,0.0
legacy_residual_pq_16b_top50,119,5402,0.0,0.0,0.0
legacy_residual_pq_16b_top50,120,4504,1.0,1.0,0.8175295903539445
legacy_residual_pq_16b_top50,121,6562,0.25,0.2,0.15101961822780524
legacy_residual_pq_16b_top50,122,4775,0.0,0.0,0.0
legacy_residual_pq_16b_top50,123,9565,1.0,1.0,0.8772153153380493
legacy_residual_pq_16b_top50,124,10734,0.6666666666666666,0.5,0.5680062719281794
legacy_residual_pq_16b_top50,126,585,0.0,0.0,0.0
legacy_residual_pq_16b_top50,127,8934,0.0,0.0,0.0
legacy_residual_pq_16b_top50,128,11054,1.0,1.0,1.0
legacy_residual_pq_16b_top50,129,56,0.0,0.0,0.0
legacy_residual_pq_16b_top50,130,6862,1.0,1.0,1.0
legacy_residual_pq_16b_top50,131,9598,0.0,0.0,0.0
legacy_residual_pq_16b_top50,133,90,0.0,0.0,0.0
legacy_residual_pq_16b_top50,134,8592,0.6666666666666666,0.3333333333333333,0.37590633587120725
legacy_residual_pq_16b_top50,135,10547,0.0,0.0,0.0
legacy_residual_pq_16b_top50,136,5231,0.0,0.0,0.0
legacy_residual_pq_16b_top50,137,7674,0.0,0.0,0.0
legacy_residual_pq_16b_top50,138,3103,1.0,1.0,1.0
legacy_residual_pq_16b_top50,139,10137,0.0,0.0,0.0
legacy_residual_pq_16b_top50,140,1415,0.75,1.0,0.8048099750039491
legacy_residual_pq_16b_top50,141,5940,0.0,0.0,0.0
legacy_residual_pq_16b_top50,142,6612,0.0,0.0,0.0
legacy_residual_pq_16b_top50,143,945,0.0,0.0,0.0
legacy_residual_pq_16b_top50,144,2549,0.5,0.14285714285714285,0.20438239758848611
legacy_residual_pq_16b_top50,146,588,0.5,1.0,0.6131471927654584
legacy_residual_pq_16b_top50,147,4233,0.6,1.0,0.7227265726449519
legacy_residual_pq_16b_top50,149,8456,0.3333333333333333,0.5,0.2960819109658652
legacy_residual_pq_16b_top50,150,10213,0.3333333333333333,0.3333333333333333,0.23463936301137822
legacy_residual_pq_16b_top50,151,106,0.0,0.0,0.0
legacy_residual_pq_16b_top50,152,4306,0.25,1.0,0.3903800499921017
legacy_residual_pq_16b_top50,153,5196,0.0,0.0,0.0
legacy_residual_pq_16b_top50,154,3006,0.16666666666666666,0.1,0.0874717141014082
legacy_residual_pq_16b_top50,156,3909,0.1,1.0,0.2200917662980802
legacy_residual_pq_16b_top50,157,4116,1.0,1.0,1.0
legacy_residual_pq_16b_top50,158,4942,0.0,0.0,0.0
legacy_residual_pq_16b_top50,159,6907,0.0,0.0,0.0
legacy_residual_pq_16b_top50,160,5464,0.0,0.0,0.0
legacy_residual_pq_16b_top50,162,691,0.0,0.0,0.0
legacy_residual_pq_16b_top50,163,3177,0.0,0.0,0.0
legacy_residual_pq_16b_top50,166,2088,0.0,0.0,0.0
legacy_residual_pq_16b_top50,167,9391,0.0,0.0,0.0
legacy_residual_pq_16b_top50,168,529,0.0,0.0,0.0
legacy_residual_pq_16b_top50,169,2118,0.0,0.0,0.0
legacy_residual_pq_16b_top50,170,3148,0.4,1.0,0.5087403079104241
legacy_residual_pq_16b_top50,171,4955,0.0,0.0,0.0
legacy_residual_pq_16b_top50,173,4678,0.0,0.0,0.0
legacy_residual_pq_16b_top50,174,2398,0.2,0.16666666666666666,0.1208113026994942
legacy_residual_pq_16b_top50,175,3569,0.0,0.0,0.0
legacy_residual_pq_16b_top50,176,8072,0.3333333333333333,0.5,0.2960819109658652
legacy_residual_pq_16b_top50,179,6746,0.0,0.0,0.0
legacy_residual_pq_16b_top50,180,5511,0.1,0.14285714285714285,0.07336392209936006
legacy_residual_pq_16b_top50,181,6009,0.0,0.0,0.0
legacy_residual_pq_16b_top50,184,1157,0.5,0.25,0.2640681225725909
legacy_residual_pq_16b_top50,185,988,0.0,0.0,0.0
legacy_residual_pq_16b_top50,186,3369,0.0,0.0,0.0
legacy_residual_pq_16b_top50,187,9296,0.5,1.0,0.6131471927654584
legacy_residual_pq_16b_top50,188,9643,1.0,0.25,0.43067655807339306
legacy_residual_pq_16b_top50,189,9245,0.0,0.0,0.0
legacy_residual_pq_16b_top50,192,26,0.0,0.0,0.0
legacy_residual_pq_16b_top50,193,4962,0.0,0.0,0.0
legacy_residual_pq_16b_top50,194,4846,0.0,0.0,0.0
legacy_residual_pq_16b_top50,195,2460,1.0,1.0,1.0
legacy_residual_pq_16b_top50,196,9403,0.0,0.0,0.0
legacy_residual_pq_16b_top50,197,5646,0.6666666666666666,1.0,0.7653606369886217
legacy_residual_pq_16b_top50,198,3503,0.14285714285714285,0.5,0.17342765698823945
legacy_residual_pq_16b_top50,200,929,1.0,1.0,1.0
legacy_residual_pq_16b_top50,201,5993,0.13333333333333333,1.0,0.35895421017163476
legacy_residual_pq_16b_top50,202,10845,1.0,0.5,0.6309297535714575
legacy_residual_pq_16b_top50,203,8116,1.0,0.2,0.42177340954886444
legacy_residual_pq_16b_top50,204,9633,0.5,0.16666666666666666,0.21840743681816419
legacy_residual_pq_16b_top50,205,5710,1.0,0.125,0.31546487678572877
legacy_residual_pq_16b_top50,206,9824,1.0,0.3333333333333333,0.5
legacy_residual_pq_16b_top50,207,7529,0.0,0.0,0.0
legacy_residual_pq_16b_top50,208,475,0.0,0.0,0.0
legacy_residual_pq_16b_top50,209,5021,0.0,0.0,0.0
legacy_residual_pq_16b_top50,210,9548,0.0,0.0,0.0
legacy_residual_pq_16b_top50,211,7592,0.0,0.0,0.0
legacy_residual_pq_16b_top50,213,7758,1.0,1.0,1.0
legacy_residual_pq_16b_top50,214,3612,0.0,0.0,0.0
legacy_residual_pq_16b_top50,215,10596,0.6,1.0,0.615733440277688
legacy_residual_pq_16b_top50,216,4153,0.0,0.0,0.0
legacy_residual_pq_16b_top50,217,4409,0.1,0.3333333333333333,0.1100458831490401
legacy_residual_pq_16b_top50,218,5369,0.0,0.0,0.0
legacy_residual_pq_16b_top50,219,2070,0.0,0.0,0.0
legacy_residual_pq_16b_top50,220,5505,1.0,0.5,0.6309297535714575
legacy_residual_pq_16b_top50,222,11039,0.125,1.0,0.2529427027676571
legacy_residual_pq_16b_top50,223,5460,0.0,0.0,0.0
legacy_residual_pq_16b_top50,224,7925,0.0,0.0,0.0
legacy_residual_pq_16b_top50,225,4286,0.5,1.0,0.6131471927654584
legacy_residual_pq_16b_top50,226,3789,0.25,0.125,0.123151194370365
legacy_residual_pq_16b_top50,227,5228,0.0,0.0,0.0
legacy_residual_pq_16b_top50,228,2685,0.0,0.0,0.0
legacy_residual_pq_16b_top50,229,8702,0.6666666666666666,1.0,0.6713860725233041
legacy_residual_pq_16b_top50,230,1877,1.0,0.25,0.43067655807339306
legacy_residual_pq_16b_top50,231,10645,0.5,0.16666666666666666,0.21840743681816419
legacy_residual_pq_16b_top50,232,1090,0.0,0.0,0.0
legacy_residual_pq_16b_top50,233,7080,0.5,1.0,0.6131471927654584
legacy_residual_pq_16b_top50,235,3682,0.0,0.0,0.0
legacy_residual_pq_16b_top50,237,8507,0.0,0.0,0.0
legacy_residual_pq_16b_top50,238,6221,0.0,0.0,0.0
legacy_residual_pq_16b_top50,240,6468,0.5,0.5,0.38685280723454163
legacy_residual_pq_16b_top50,241,3008,0.5,1.0,0.5585075862632192
legacy_residual_pq_16b_top50,244,6644,0.0,0.0,0.0
legacy_residual_pq_16b_top50,245,6420,1.0,1.0,0.8065735963827293
legacy_residual_pq_16b_top50,247,4844,1.0,1.0,0.9197207891481876
legacy_residual_pq_16b_top50,248,7463,0.0,0.0,0.0
legacy_residual_pq_16b_top50,250,10267,0.0,0.0,0.0
legacy_residual_pq_16b_top50,251,7622,0.0,0.0,0.0
legacy_residual_pq_16b_top50,253,2498,0.0,0.0,0.0
legacy_residual_pq_16b_top50,255,3767,0.2,0.14285714285714285,0.11305340175787204
legacy_residual_pq_16b_top50,256,7145,0.3333333333333333,1.0,0.46927872602275644
legacy_residual_pq_16b_top50,258,9556,1.0,0.1111111111111111,0.3010299956639812
legacy_residual_pq_16b_top50,260,6410,0.0,0.0,0.0
legacy_residual_pq_16b_top50,261,5155,0.0,0.0,0.0
legacy_residual_pq_16b_top50,262,5030,0.0,0.0,0.0
legacy_residual_pq_16b_top50,263,6252,0.0,0.0,0.0
legacy_residual_pq_16b_top50,267,766,0.0,0.0,0.0
legacy_residual_pq_16b_top50,268,8779,0.5,0.125,0.19342640361727081
legacy_residual_pq_16b_top50,269,2183,0.5,1.0,0.5809949937791563
legacy_residual_pq_16b_top50,270,6219,0.5,1.0,0.6131471927654584
legacy_residual_pq_16b_top50,271,6849,0.0,0.0,0.0
legacy_residual_pq_16b_top50,272,8079,0.6666666666666666,1.0,0.7039180890341347
legacy_residual_pq_16b_top50,273,5086,1.0,1.0,1.0
legacy_residual_pq_16b_top50,274,8202,0.0,0.0,0.0
legacy_residual_pq_16b_top50,275,7345,0.6666666666666666,0.2,0.3379680345449381
legacy_residual_pq_16b_top50,276,2648,1.0,0.5,0.6309297535714575
legacy_residual_pq_16b_top50,278,776,0.25,1.0,0.39639187290150935
legacy_residual_pq_16b_top50,279,5125,0.0,0.0,0.0
legacy_residual_pq_16b_top50,280,89,0.16666666666666666,0.125,0.09546043308946733
legacy_residual_pq_16b_top50,281,9329,0.0,0.0,0.0
legacy_residual_pq_16b_top50,282,2516,0.5,1.0,0.6366824387328317
legacy_residual_pq_16b_top50,283,6629,0.0,0.0,0.0
legacy_residual_pq_16b_top50,284,8970,1.0,0.5,0.6052602440527057
legacy_residual_pq_16b_top50,285,4484,1.0,1.0,1.0
legacy_residual_pq_16b_top50,286,1451,0.0,0.0,0.0
legacy_residual_pq_16b_top50,287,1889,0.0,0.0,0.0
legacy_residual_pq_16b_top50,288,1920,1.0,0.25,0.43067655807339306
legacy_residual_pq_16b_top50,289,8013,0.0,0.0,0.0
legacy_residual_pq_16b_top50,290,3759,0.0,0.0,0.0
legacy_residual_pq_16b_top50,291,7295,0.0,0.0,0.0
legacy_residual_pq_16b_top50,292,7448,0.0,0.0,0.0
legacy_residual_pq_16b_top50,293,7329,0.5,1.0,0.6131471927654584
legacy_residual_pq_16b_top50,294,10639,0.0,0.0,0.0
legacy_residual_pq_16b_top50,296,4312,0.2857142857142857,1.0,0.3932591258696538
legacy_residual_pq_16b_top50,297,1230,0.0,0.0,0.0
legacy_residual_pq_16b_top50,298,2486,0.0,0.0,0.0
legacy_residual_pq_16b_top50,299,6121,0.0,0.0,0.0
legacy_residual_pq_16b_top50,300,859,0.0,0.0,0.0
legacy_residual_pq_16b_top50,302,2590,0.3333333333333333,1.0,0.46927872602275644
legacy_residual_pq_16b_top50,303,3781,0.5,1.0,0.6131471927654584
legacy_residual_pq_16b_top50,304,5374,0.0,0.0,0.0
legacy_residual_pq_16b_top50,305,1310,0.0,0.0,0.0
legacy_residual_pq_16b_top50,306,8005,0.0,0.0,0.0
legacy_residual_pq_16b_top50,307,2994,0.3333333333333333,0.14285714285714285,0.15642624200758548
legacy_residual_pq_16b_top50,308,6142,0.5,0.5,0.38685280723454163
legacy_residual_pq_16b_top50,309,3125,1.0,1.0,1.0
legacy_residual_pq_16b_top50,310,8832,1.0,0.5,0.6309297535714575
legacy_residual_pq_16b_top50,311,3683,0.5,1.0,0.5112590391895955
legacy_residual_pq_16b_top50,312,939,1.0,0.2,0.38685280723454163
legacy_residual_pq_16b_top50,313,7206,0.0,0.0,0.0
legacy_residual_pq_16b_top50,314,10246,0.0,0.0,0.0
legacy_residual_pq_16b_top50,315,5241,0.2,0.1,0.09803928583135704
legacy_residual_pq_16b_top50,316,8121,0.0,0.0,0.0
legacy_residual_pq_16b_top50,317,98,0.5,1.0,0.6131471927654584
legacy_residual_pq_16b_top50,318,5064,0.5,1.0,0.6131471927654584
legacy_residual_pq_16b_top50,319,4615,0.5,1.0,0.5413753343496284
legacy_residual_pq_16b_top50,320,7467,0.0,0.0,0.0
legacy_residual_pq_16b_top50,322,503,0.0,0.0,0.0
legacy_residual_pq_16b_top50,324,6467,0.0,0.0,0.0
legacy_residual_pq_16b_top50,325,4289,0.5,0.1111111111111111,0.18457569677956817
legacy_residual_pq_16b_top50,326,4394,0.0,0.0,0.0
legacy_residual_pq_16b_top50,327,4047,0.75,1.0,0.7757386182436072
legacy_residual_pq_16b_top50,328,1815,1.0,1.0,1.0
legacy_residual_pq_16b_top50,329,7218,0.0,0.0,0.0
legacy_residual_pq_16b_top50,330,8982,0.0,0.0,0.0
legacy_residual_pq_16b_top50,331,8874,0.0,0.0,0.0
legacy_residual_pq_16b_top50,334,8937,0.0,0.0,0.0
legacy_residual_pq_16b_top50,335,7344,0.5,1.0,0.6131471927654584
legacy_residual_pq_16b_top50,336,2856,0.25,0.16666666666666666,0.13905617951077562
legacy_residual_pq_16b_top50,337,7801,0.5,0.5,0.38685280723454163
legacy_residual_pq_16b_top50,339,6875,0.0,0.0,0.0
legacy_residual_pq_16b_top50,340,6891,0.3333333333333333,0.2,0.18154179253735267
legacy_residual_pq_16b_top50,341,7702,0.5,0.3333333333333333,0.3065735963827292
legacy_residual_pq_16b_top50,342,2695,1.0,1.0,1.0
legacy_residual_pq_16b_top50,346,5427,0.5,0.25,0.2640681225725909
legacy_residual_pq_16b_top50,347,2587,1.0,1.0,1.0
legacy_residual_pq_16b_top50,348,5782,0.2,0.16666666666666666,0.1208113026994942
legacy_residual_pq_16b_top50,349,9871,0.0,0.0,0.0
legacy_residual_pq_16b_top50,350,6668,0.0,0.0,0.0
legacy_residual_pq_16b_top50,352,2443,0.0,0.0,0.0
legacy_residual_pq_16b_top50,353,3179,0.5,0.5,0.38685280723454163
legacy_residual_pq_16b_top50,354,3404,0.14285714285714285,0.2,0.10633668103022985
legacy_residual_pq_16b_top50,355,3453,0.5,0.1111111111111111,0.18457569677956817
legacy_residual_pq_16b_top50,357,5808,1.0,1.0,1.0
legacy_residual_pq_16b_top50,358,4845,0.6666666666666666,1.0,0.6713860725233041
legacy_residual_pq_16b_top50,359,3625,0.0,0.0,0.0
legacy_residual_pq_16b_top50,363,4464,1.0,0.3333333333333333,0.5
legacy_residual_pq_16b_top50,364,3822,0.25,0.1,0.11284514134893527
legacy_residual_pq_16b_top50,365,7879,0.0,0.0,0.0
legacy_residual_pq_16b_top50,367,8512,0.0,0.0,0.0
legacy_residual_pq_16b_top50,368,3995,0.2,0.2,0.13120507751234178
legacy_residual_pq_16b_top50,369,559,0.0,0.0,0.0
legacy_residual_pq_16b_top50,370,3791,0.3333333333333333,0.1,0.13565197343244778
legacy_residual_pq_16b_top50,371,8002,0.6666666666666666,0.2,0.34870224750355494
legacy_residual_pq_16b_top50,372,4179,0.0,0.0,0.0
legacy_residual_pq_16b_top50,373,2891,1.0,1.0,1.0
legacy_residual_pq_16b_top50,374,853,0.0,0.0,0.0
legacy_residual_pq_16b_top50,375,10136,0.0,0.0,0.0
legacy_residual_pq_16b_top50,377,2513,0.0,0.0,0.0
legacy_residual_pq_16b_top50,378,5206,0.0,0.0,0.0
legacy_residual_pq_16b_top50,380,4433,0.0,0.0,0.0
legacy_residual_pq_16b_top50,381,4188,0.0,0.0,0.0
legacy_residual_pq_16b_top50,382,2713,0.0,0.0,0.0
legacy_residual_pq_16b_top50,383,9060,1.0,1.0,1.0
legacy_residual_pq_16b_top50,384,7098,0.5,0.3333333333333333,0.3065735963827292
legacy_residual_pq_16b_top50,385,10628,1.0,0.1111111111111111,0.3010299956639812
legacy_residual_pq_16b_top50,386,6683,0.5,0.14285714285714285,0.20438239758848611
legacy_residual_pq_16b_top50,387,10183,0.0,0.0,0.0
legacy_residual_pq_16b_top50,388,3829,0.0,0.0,0.0
legacy_residual_pq_16b_top50,389,5585,0.0,0.0,0.0
legacy_residual_pq_16b_top50,390,4105,0.0,0.0,0.0
legacy_residual_pq_16b_top50,391,1074,1.0,1.0,1.0
legacy_residual_pq_16b_top50,394,9275,0.0,0.0,0.0
legacy_residual_pq_16b_top50,395,10497,0.1,1.0,0.2200917662980802
legacy_residual_pq_16b_top50,396,9481,0.5,0.3333333333333333,0.3065735963827292
legacy_residual_pq_16b_top50,397,3500,0.3333333333333333,0.2,0.22485174766247445
legacy_residual_pq_16b_top50,399,1306,0.0,0.0,0.0
legacy_residual_pq_16b_top50,400,1826,0.75,1.0,0.8048099750039491
legacy_residual_pq_16b_top50,401,6262,0.6666666666666666,1.0,0.7653606369886217
legacy_residual_pq_16b_top50,402,5347,1.0,1.0,1.0
legacy_residual_pq_16b_top50,403,4500,0.0,0.0,0.0
legacy_residual_pq_16b_top50,404,3615,1.0,1.0,0.8772153153380493
legacy_residual_pq_16b_top50,405,8632,0.0,0.0,0.0
legacy_residual_pq_16b_top50,406,9979,0.25,1.0,0.3903800499921017
legacy_residual_pq_16b_top50,407,9617,0.3333333333333333,0.25,0.20210734650054757
legacy_residual_pq_16b_top50,408,1948,0.0,0.0,0.0
legacy_residual_pq_16b_top50,409,6133,0.5,0.5,0.38685280723454163
legacy_residual_pq_16b_top50,410,9737,0.0,0.0,0.0
legacy_residual_pq_16b_top50,411,3771,0.3333333333333333,1.0,0.41966500663677697
legacy_residual_pq_16b_top50,412,1736,0.0,0.0,0.0
legacy_residual_pq_16b_top50,413,5255,0.6666666666666666,1.0,0.7653606369886217
legacy_residual_pq_16b_top50,414,5380,1.0,1.0,1.0
legacy_residual_pq_16b_top50,416,2051,0.0,0.0,0.0
legacy_residual_pq_16b_top50,417,5067,0.0,0.0,0.0
legacy_residual_pq_16b_top50,418,10414,1.0,1.0,0.8772153153380493
legacy_residual_pq_16b_top50,421,4756,0.0,0.0,0.0
legacy_residual_pq_16b_top50,422,7754,1.0,0.3333333333333333,0.5
legacy_residual_pq_16b_top50,423,2076,0.5,0.5,0.38685280723454163
legacy_residual_pq_16b_top50,424,1322,0.0,0.0,0.0
legacy_residual_pq_16b_top50,426,5172,0.0,0.0,0.0
legacy_residual_pq_16b_top50,427,5185,0.0,0.0,0.0
legacy_residual_pq_16b_top50,428,9644,1.0,0.1,0.2890648263178879
legacy_residual_pq_16b_top50,429,6909,0.0,0.0,0.0
legacy_residual_pq_16b_top50,430,5906,0.0,0.0,0.0
legacy_residual_pq_16b_top50,431,2348,0.13333333333333333,0.25,0.15840915256850252
legacy_residual_pq_16b_top50,432,687,0.0,0.0,0.0
legacy_residual_pq_16b_top50,433,8017,1.0,0.3333333333333333,0.5
legacy_residual_pq_16b_top50,434,8795,1.0,1.0,1.0
legacy_residual_pq_16b_top50,435,4499,0.0,0.0,0.0
legacy_residual_pq_16b_top50,437,42,0.0,0.0,0.0
legacy_residual_pq_16b_top50,440,8296,1.0,1.0,1.0
legacy_residual_pq_16b_top50,441,659,0.2,0.3333333333333333,0.17947710508581738
legacy_residual_pq_16b_top50,442,9108,0.0,0.0,0.0
legacy_residual_pq_16b_top50,443,6835,0.0,0.0,0.0
legacy_residual_pq_16b_top50,444,6803,0.5,0.5,0.4144299250118475
legacy_residual_pq_16b_top50,445,9381,0.0,0.0,0.0
legacy_residual_pq_16b_top50,447,3067,0.0,0.0,0.0
legacy_residual_pq_16b_top50,448,4125,0.0,0.0,0.0
legacy_residual_pq_16b_top50,449,1150,0.0,0.0,0.0
legacy_residual_pq_16b_top50,450,7431,0.0,0.0,0.0
legacy_residual_pq_16b_top50,451,2384,1.0,0.5,0.6309297535714575
legacy_residual_pq_16b_top50,452,895,1.0,0.5,0.6309297535714575
legacy_residual_pq_16b_top50,453,7747,0.0,0.0,0.0
legacy_residual_pq_16b_top50,454,879,1.0,1.0,1.0
legacy_residual_pq_16b_top50,455,8040,0.0,0.0,0.0
legacy_residual_pq_16b_top50,456,3051,1.0,1.0,1.0
legacy_residual_pq_16b_top50,457,7705,0.3333333333333333,1.0,0.46927872602275644
legacy_residual_pq_16b_top50,458,10039,0.0,0.0,0.0
legacy_residual_pq_16b_top50,459,9808,0.3333333333333333,1.0,0.46927872602275644
legacy_residual_pq_16b_top50,460,7188,0.0,0.0,0.0
legacy_residual_pq_16b_top50,461,4813,1.0,0.5,0.6309297535714575
legacy_residual_pq_16b_top50,462,3888,0.0,0.0,0.0
legacy_residual_pq_16b_top50,464,957,0.3333333333333333,0.125,0.1480409554829326
legacy_residual_pq_16b_top50,465,10601,0.0,0.0,0.0
legacy_residual_pq_16b_top50,466,1871,0.75,1.0,0.8048099750039491
legacy_residual_pq_16b_top50,467,5331,1.0,0.5,0.6309297535714575
legacy_residual_pq_16b_top50,468,2790,0.0,0.0,0.0
legacy_residual_pq_16b_top50,469,9882,0.0,0.0,0.0
legacy_residual_pq_16b_top50,470,4999,0.75,1.0,0.75369761125927
legacy_residual_pq_16b_top50,471,4142,0.25,0.2,0.15101961822780524
legacy_residual_pq_16b_top50,472,3189,0.0,0.0,0.0
legacy_residual_pq_16b_top50,473,5134,0.5,0.3333333333333333,0.3065735963827292
legacy_residual_pq_16b_top50,474,1321,0.0,0.0,0.0
legacy_residual_pq_16b_top50,475,10710,0.0,0.0,0.0
legacy_residual_pq_16b_top50,476,6890,0.5,1.0,0.6131471927654584
legacy_residual_pq_16b_top50,477,3049,0.5,1.0,0.5585075862632192
legacy_residual_pq_16b_top50,478,849,0.0,0.0,0.0
legacy_residual_pq_16b_top50,481,715,0.0,0.0,0.0
legacy_residual_pq_16b_top50,484,2204,0.625,1.0,0.7380396325465057
legacy_residual_pq_16b_top50,485,9646,1.0,0.3333333333333333,0.5109559939712153
legacy_residual_pq_16b_top50,486,2334,0.3333333333333333,0.1111111111111111,0.14126697285982898
legacy_residual_pq_16b_top50,487,2903,0.0,0.0,0.0
legacy_residual_pq_16b_top50,488,4827,1.0,1.0,1.0
legacy_residual_pq_16b_top50,491,1530,0.6666666666666666,1.0,0.7653606369886217
legacy_residual_pq_16b_top50,492,504,0.0,0.0,0.0
legacy_residual_pq_16b_top50,493,721,1.0,1.0,1.0
legacy_residual_pq_16b_top50,495,3186,0.5,1.0,0.6131471927654584
legacy_residual_pq_16b_top50,497,3859,0.0,0.0,0.0
legacy_residual_pq_16b_top50,498,1994,0.0,0.0,0.0
legacy_residual_pq_16b_top50,499,6647,0.3333333333333333,1.0,0.46927872602275644
legacy_residual_pq_16b_top50,500,9164,0.3333333333333333,1.0,0.46927872602275644
legacy_residual_pq_16b_top50,501,1812,0.5,0.2,0.23719771276929622
legacy_residual_pq_16b_top50,502,10462,0.0,0.0,0.0
legacy_residual_pq_16b_top50,503,8855,0.0,0.0,0.0
legacy_residual_pq_16b_top50,505,4968,0.0,0.0,0.0
legacy_residual_pq_16b_top50,506,7876,0.0,0.0,0.0
legacy_residual_pq_16b_top50,507,7071,0.0,0.0,0.0
legacy_residual_pq_16b_top50,508,3534,0.0,0.0,0.0
legacy_residual_pq_16b_top50,509,8974,0.375,1.0,0.422837249982473
legacy_residual_pq_16b_top50,510,10912,0.0,0.0,0.0
legacy_residual_pq_16b_top50,511,2737,1.0,1.0,1.0
legacy_residual_pq_16b_top50,512,2964,0.5,0.2,0.23719771276929622
legacy_residual_pq_16b_top50,513,5178,0.4,0.3333333333333333,0.29039140533630226
legacy_residual_pq_16b_top50,514,5061,0.0,0.0,0.0
legacy_residual_pq_16b_top50,516,9385,1.0,0.25,0.43067655807339306
legacy_residual_pq_16b_top50,517,4411,0.3333333333333333,0.5,0.2960819109658652
legacy_residual_pq_16b_top50,518,515,1.0,0.14285714285714285,0.3333333333333333
legacy_residual_pq_16b_top50,519,2075,0.3333333333333333,0.3333333333333333,0.3096794135385218
legacy_residual_pq_16b_top50,520,8230,0.0,0.0,0.0
legacy_residual_pq_16b_top50,521,4335,0.25,1.0,0.3903800499921017
legacy_residual_pq_16b_top50,522,7533,0.0,0.0,0.0
legacy_residual_pq_16b_top50,523,5683,0.0,0.0,0.0
legacy_residual_pq_16b_top50,524,4785,1.0,0.5,0.6309297535714575
legacy_residual_pq_16b_top50,525,7456,0.0,0.0,0.0
legacy_residual_pq_16b_top50,526,3528,1.0,1.0,1.0
legacy_residual_pq_16b_top50,528,9487,0.0,0.0,0.0
legacy_residual_pq_16b_top50,529,10792,1.0,1.0,0.8175295903539445
legacy_residual_pq_16b_top50,530,5264,0.6,1.0,0.639945385422766
legacy_residual_pq_16b_top50,531,9733,0.0,0.0,0.0
legacy_residual_pq_16b_top50,533,7311,0.0,0.0,0.0
legacy_residual_pq_16b_top50,534,744,0.0,0.0,0.0
legacy_residual_pq_16b_top50,535,7141,0.5,0.2,0.23719771276929622
legacy_residual_pq_16b_top50,536,672,0.0,0.0,0.0
legacy_residual_pq_16b_top50,537,6002,0.45454545454545453,0.5,0.49509403248815553
legacy_residual_pq_16b_top50,538,4071,0.0,0.0,0.0
legacy_residual_pq_16b_top50,539,4103,0.0,0.0,0.0
legacy_residual_pq_16b_top50,540,1441,1.0,1.0,1.0
legacy_residual_pq_16b_top50,542,7512,0.0,0.0,0.0
legacy_residual_pq_16b_top50,543,2589,0.6666666666666666,0.5,0.5307212739772434
legacy_residual_pq_16b_top50,544,2598,0.5,0.16666666666666666,0.21840743681816419
legacy_residual_pq_16b_top50,545,6800,1.0,1.0,1.0
legacy_residual_pq_16b_top50,546,1391,0.0,0.0,0.0
legacy_residual_pq_16b_top50,547,6278,1.0,1.0,0.9197207891481876
legacy_residual_pq_16b_top50,548,7534,0.3333333333333333,1.0,0.46927872602275644
legacy_residual_pq_16b_top50,549,5356,0.4,0.25,0.2530614822099702
legacy_residual_pq_16b_top50,550,2579,0.16666666666666666,1.0,0.30260241349881345
legacy_residual_pq_16b_top50,551,9961,0.0,0.0,0.0
legacy_residual_pq_16b_top50,552,7484,1.0,1.0,1.0
legacy_residual_pq_16b_top50,553,5790,0.0,0.0,0.0
legacy_residual_pq_16b_top50,554,7823,0.3333333333333333,0.2,0.18154179253735267
legacy_residual_pq_16b_top50,555,689,0.0,0.0,0.0
legacy_residual_pq_16b_top50,556,604,0.6666666666666666,0.2,0.3379680345449381
legacy_residual_pq_16b_top50,557,9174,0.2,1.0,0.3391602052736161
legacy_residual_pq_16b_top50,558,6867,0.2857142857142857,0.5,0.26014148548235916
legacy_residual_pq_16b_top50,559,5970,0.3333333333333333,0.25,0.20210734650054757
legacy_residual_pq_16b_top50,560,4681,1.0,1.0,0.9197207891481876
legacy_residual_pq_16b_top50,562,6901,0.5,1.0,0.6131471927654584
legacy_residual_pq_16b_top50,563,10808,0.0,0.0,0.0
legacy_residual_pq_16b_top50,564,2383,0.5,1.0,0.6131471927654584
legacy_residual_pq_16b_top50,565,3085,0.5,0.3333333333333333,0.3065735963827292
legacy_residual_pq_16b_top50,566,104,0.5,1.0,0.6131471927654584
legacy_residual_pq_16b_top50,568,684,0.0,0.0,0.0
legacy_residual_pq_16b_top50,569,10674,0.25,0.25,0.16812753627111746
legacy_residual_pq_16b_top50,571,10526,0.5,0.14285714285714285,0.20438239758848611
legacy_residual_pq_16b_top50,572,2181,0.0,0.0,0.0
legacy_residual_pq_16b_top50,573,10994,0.0,0.0,0.0
legacy_residual_pq_16b_top50,574,5903,0.0,0.0,0.0
legacy_residual_pq_16b_top50,576,5254,0.0,0.0,0.0
legacy_residual_pq_16b_top50,579,7936,0.6666666666666666,0.16666666666666666,0.3235866969737877
legacy_residual_pq_16b_top50,582,7633,0.25,1.0,0.3903800499921017
legacy_residual_pq_16b_top50,583,2400,0.3333333333333333,0.125,0.1480409554829326
legacy_residual_pq_16b_top50,584,5549,0.0,0.0,0.0
legacy_residual_pq_16b_top50,585,1832,0.0,0.0,0.0
legacy_residual_pq_16b_top50,586,2749,0.5,0.2,0.23719771276929622
legacy_residual_pq_16b_top50,588,3735,0.3333333333333333,0.2,0.18154179253735267
legacy_residual_pq_16b_top50,589,622,0.0,0.0,0.0
legacy_residual_pq_16b_top50,591,4605,0.5714285714285714,1.0,0.5422491080636984
legacy_residual_pq_16b_top50,592,2330,1.0,0.3333333333333333,0.5249810332008933
legacy_residual_pq_16b_top50,593,6792,0.0,0.0,0.0
legacy_residual_pq_16b_top50,595,2885,0.0,0.0,0.0
legacy_residual_pq_16b_top50,596,15,1.0,1.0,1.0
legacy_residual_pq_16b_top50,597,6110,0.25,0.5,0.24390331138078206
legacy_residual_pq_16b_top50,598,4823,0.3333333333333333,0.5,0.2960819109658652
legacy_residual_pq_16b_top50,599,3694,0.5,0.2,0.23719771276929622
legacy_residual_pq_16b_top50,600,8,0.5,1.0,0.6131471927654584
legacy_residual_pq_16b_top50,601,1309,0.25,0.16666666666666666,0.13905617951077562
legacy_residual_pq_16b_top50,603,699,0.0,0.0,0.0
legacy_residual_pq_16b_top50,604,7109,0.6666666666666666,0.1111111111111111,0.2769189462922768
legacy_residual_pq_16b_top50,605,5080,0.0,0.0,0.0
legacy_residual_pq_16b_top50,606,4981,0.6666666666666666,0.5,0.5307212739772434
legacy_residual_pq_16b_top50,607,3875,1.0,1.0,0.9197207891481876
legacy_residual_pq_16b_top50,609,3934,0.0,0.0,0.0
legacy_residual_pq_16b_top50,611,2264,0.5,1.0,0.6131471927654584
legacy_residual_pq_16b_top50,612,2895,0.0,0.0,0.0
legacy_residual_pq_16b_top50,613,6787,0.0,0.0,0.0
legacy_residual_pq_16b_top50,614,7096,1.0,0.2,0.38685280723454163
legacy_residual_pq_16b_top50,615,2747,1.0,0.3333333333333333,0.5
legacy_residual_pq_16b_top50,617,1748,0.3333333333333333,1.0,0.46927872602275644
legacy_residual_pq_16b_top50,618,9735,0.0,0.0,0.0
legacy_residual_pq_16b_top50,619,5862,0.0,0.0,0.0
legacy_residual_pq_16b_top50,620,10932,1.0,1.0,1.0
legacy_residual_pq_16b_top50,621,6041,0.5,1.0,0.6366824387328317
legacy_residual_pq_16b_top50,622,7178,1.0,0.125,0.31546487678572877
legacy_residual_pq_16b_top50,623,7068,0.0,0.0,0.0
legacy_residual_pq_16b_top50,625,10558,1.0,0.5,0.6509209298071326
legacy_residual_pq_16b_top50,626,3014,0.0,0.0,0.0
legacy_residual_pq_16b_top50,627,4863,0.3333333333333333,0.3333333333333333,0.23463936301137822
legacy_residual_pq_16b_top50,629,1416,0.0,0.0,0.0
legacy_residual_pq_16b_top50,630,2801,0.5,1.0,0.6131471927654584
legacy_residual_pq_16b_top50,631,5343,0.0,0.0,0.0
legacy_residual_pq_16b_top50,632,547,0.0,0.0,0.0
legacy_residual_pq_16b_top50,633,6985,1.0,1.0,1.0
legacy_residual_pq_16b_top50,634,2154,0.0,0.0,0.0
legacy_residual_pq_16b_top50,638,3033,0.5,0.5,0.38685280723454163
legacy_residual_pq_16b_top50,641,10812,0.5,1.0,0.6366824387328317
legacy_residual_pq_16b_top50,642,3512,1.0,1.0,1.0
legacy_residual_pq_16b_top50,643,4102,0.0,0.0,0.0
legacy_residual_pq_16b_top50,644,3566,0.0,0.0,0.0
legacy_residual_pq_16b_top50,645,94,1.0,0.3333333333333333,0.5
legacy_residual_pq_16b_top50,646,2551,1.0,1.0,0.9674679834891693
legacy_residual_pq_16b_top50,647,2399,1.0,0.5,0.6309297535714575
compact_4bit_m32_top50,0,4641,0.4,1.0,0.5531464700081437
compact_4bit_m32_top50,1,5503,0.0,0.0,0.0
compact_4bit_m32_top50,3,7017,0.0,0.0,0.0
compact_4bit_m32_top50,4,10152,1.0,1.0,1.0
compact_4bit_m32_top50,6,4804,0.0,0.0,0.0
compact_4bit_m32_top50,7,7911,1.0,1.0,1.0
compact_4bit_m32_top50,8,10809,0.3333333333333333,1.0,0.46927872602275644
compact_4bit_m32_top50,9,6715,0.0,0.0,0.0
compact_4bit_m32_top50,10,2388,1.0,1.0,1.0
compact_4bit_m32_top50,12,4465,0.3333333333333333,0.25,0.20210734650054757
compact_4bit_m32_top50,13,7326,0.0,0.0,0.0
compact_4bit_m32_top50,16,10827,0.2,0.125,0.10699313236726378
compact_4bit_m32_top50,17,9771,0.0,0.0,0.0
compact_4bit_m32_top50,18,7105,0.0,0.0,0.0
compact_4bit_m32_top50,19,9332,0.0,0.0,0.0
compact_4bit_m32_top50,21,5853,0.25,0.25,0.1990365012701236
compact_4bit_m32_top50,22,6832,0.0,0.0,0.0
compact_4bit_m32_top50,23,6807,1.0,1.0,1.0
compact_4bit_m32_top50,24,570,0.0,0.0,0.0
compact_4bit_m32_top50,25,7279,0.75,1.0,0.6760236910196463
compact_4bit_m32_top50,26,594,0.5,1.0,0.6131471927654584
compact_4bit_m32_top50,27,10122,0.5,0.2,0.2811463015585058
compact_4bit_m32_top50,28,3091,0.2857142857142857,1.0,0.3727892582642586
compact_4bit_m32_top50,31,8537,0.0,0.0,0.0
compact_4bit_m32_top50,32,3357,0.0,0.0,0.0
compact_4bit_m32_top50,33,1783,0.0,0.0,0.0
compact_4bit_m32_top50,34,6004,0.0,0.0,0.0
compact_4bit_m32_top50,35,2923,0.8,1.0,0.8687949224876582
compact_4bit_m32_top50,36,5271,0.3333333333333333,0.5,0.2960819109658652
compact_4bit_m32_top50,37,2108,0.0,0.0,0.0
compact_4bit_m32_top50,38,7590,0.5,0.5,0.38685280723454163
compact_4bit_m32_top50,39,932,0.0,0.0,0.0
compact_4bit_m32_top50,40,5981,0.8,1.0,0.8687949224876582
compact_4bit_m32_top50,41,4837,0.0,0.0,0.0
compact_4bit_m32_top50,42,4415,0.0,0.0,0.0
compact_4bit_m32_top50,43,1915,0.0,0.0,0.0
compact_4bit_m32_top50,45,2316,0.0,0.0,0.0
compact_4bit_m32_top50,46,8102,0.25,1.0,0.3903800499921017
compact_4bit_m32_top50,47,3405,0.0,0.0,0.0
compact_4bit_m32_top50,48,7928,0.0,0.0,0.0
compact_4bit_m32_top50,50,1281,0.0,0.0,0.0
compact_4bit_m32_top50,51,3830,1.0,0.3333333333333333,0.5
compact_4bit_m32_top50,52,3837,1.0,0.3333333333333333,0.5
compact_4bit_m32_top50,53,4447,1.0,0.14285714285714285,0.3333333333333333
compact_4bit_m32_top50,55,4777,0.0,0.0,0.0
compact_4bit_m32_top50,56,5741,0.5,0.14285714285714285,0.20438239758848611
compact_4bit_m32_top50,57,2318,0.0,0.0,0.0
compact_4bit_m32_top50,59,8271,0.0,0.0,0.0
compact_4bit_m32_top50,62,5888,0.0,0.0,0.0
compact_4bit_m32_top50,63,2568,0.42857142857142855,1.0,0.5857421563596757
compact_4bit_m32_top50,64,5150,0.0,0.0,0.0
compact_4bit_m32_top50,65,7124,0.25,1.0,0.3903800499921017
compact_4bit_m32_top50,66,2857,0.5,1.0,0.6366824387328317
compact_4bit_m32_top50,67,8539,0.0,0.0,0.0
compact_4bit_m32_top50,68,6896,0.0,0.0,0.0
compact_4bit_m32_top50,69,1085,0.0,0.0,0.0
compact_4bit_m32_top50,70,5422,0.25,0.5,0.24630238874073
compact_4bit_m32_top50,71,8247,0.0,0.0,0.0
compact_4bit_m32_top50,73,10482,0.0,0.0,0.0
compact_4bit_m32_top50,74,4571,0.3333333333333333,1.0,0.46927872602275644
compact_4bit_m32_top50,75,8789,0.6666666666666666,1.0,0.7653606369886217
compact_4bit_m32_top50,76,8034,0.0,0.0,0.0
compact_4bit_m32_top50,77,4600,1.0,1.0,1.0
compact_4bit_m32_top50,78,2423,0.14285714285714285,0.1111111111111111,0.08274602130532002
compact_4bit_m32_top50,79,8475,0.5714285714285714,1.0,0.6920788373899056
compact_4bit_m32_top50,80,4523,0.4,0.3333333333333333,0.26761938846816513
compact_4bit_m32_top50,81,8513,0.0,0.0,0.0
compact_4bit_m32_top50,83,9291,0.0,0.0,0.0
compact_4bit_m32_top50,84,8532,0.3333333333333333,0.2,0.18154179253735267
compact_4bit_m32_top50,85,1824,1.0,0.14285714285714285,0.3333333333333333
compact_4bit_m32_top50,86,5054,0.0,0.0,0.0
compact_4bit_m32_top50,87,1159,0.0,0.0,0.0
compact_4bit_m32_top50,88,4920,0.6666666666666666,1.0,0.6257049680303419
compact_4bit_m32_top50,89,68,0.0,0.0,0.0
compact_4bit_m32_top50,90,7269,1.0,0.16666666666666666,0.3562071871080222
compact_4bit_m32_top50,91,750,0.5,1.0,0.6131471927654584
compact_4bit_m32_top50,92,9701,0.0,0.0,0.0
compact_4bit_m32_top50,94,9126,0.0,0.0,0.0
compact_4bit_m32_top50,95,34,0.0,0.0,0.0
compact_4bit_m32_top50,96,4011,0.6666666666666666,1.0,0.7653606369886217
compact_4bit_m32_top50,97,4700,1.0,1.0,1.0
compact_4bit_m32_top50,98,6395,0.0,0.0,0.0
compact_4bit_m32_top50,99,852,0.6666666666666666,1.0,0.7039180890341347
compact_4bit_m32_top50,100,9115,0.6666666666666666,1.0,0.6713860725233041
compact_4bit_m32_top50,103,4767,0.0,0.0,0.0
compact_4bit_m32_top50,104,2593,0.3333333333333333,1.0,0.46927872602275644
compact_4bit_m32_top50,105,2724,0.0,0.0,0.0
compact_4bit_m32_top50,106,11088,1.0,0.3333333333333333,0.5
compact_4bit_m32_top50,108,109,1.0,1.0,1.0
compact_4bit_m32_top50,109,8351,0.0,0.0,0.0
compact_4bit_m32_top50,111,3480,1.0,1.0,1.0
compact_4bit_m32_top50,112,7992,0.5,0.3333333333333333,0.3065735963827292
compact_4bit_m32_top50,113,858,0.0,0.0,0.0
compact_4bit_m32_top50,114,4019,0.2,0.25,0.14606834984270645
compact_4bit_m32_top50,115,6080,0.5,1.0,0.6131471927654584
compact_4bit_m32_top50,116,2580,0.0,0.0,0.0
compact_4bit_m32_top50,117,7513,0.0,0.0,0.0
compact_4bit_m32_top50,119,5402,0.0,0.0,0.0
compact_4bit_m32_top50,120,4504,1.0,1.0,0.8772153153380493
compact_4bit_m32_top50,121,6562,0.25,0.16666666666666666,0.13905617951077562
compact_4bit_m32_top50,122,4775,0.0,0.0,0.0
compact_4bit_m32_top50,123,9565,1.0,1.0,1.0
compact_4bit_m32_top50,124,10734,0.8333333333333334,0.3333333333333333,0.5654245910169241
compact_4bit_m32_top50,126,585,0.0,0.0,0.0
compact_4bit_m32_top50,127,8934,0.0,0.0,0.0
compact_4bit_m32_top50,128,11054,1.0,1.0,1.0
compact_4bit_m32_top50,129,56,0.0,0.0,0.0
compact_4bit_m32_top50,130,6862,1.0,1.0,1.0
compact_4bit_m32_top50,131,9598,0.0,0.0,0.0
compact_4bit_m32_top50,133,90,0.0,0.0,0.0
compact_4bit_m32_top50,134,8592,0.6666666666666666,0.2,0.34870224750355494
compact_4bit_m32_top50,135,10547,0.0,0.0,0.0
compact_4bit_m32_top50,136,5231,0.0,0.0,0.0
compact_4bit_m32_top50,137,7674,0.0,0.0,0.0
compact_4bit_m32_top50,138,3103,1.0,1.0,1.0
compact_4bit_m32_top50,139,10137,0.0,0.0,0.0
compact_4bit_m32_top50,140,1415,1.0,1.0,0.9279611693743142
compact_4bit_m32_top50,141,5940,0.0,0.0,0.0
compact_4bit_m32_top50,142,6612,0.0,0.0,0.0
compact_4bit_m32_top50,143,945,0.0,0.0,0.0
compact_4bit_m32_top50,144,2549,0.5,0.125,0.19342640361727081
compact_4bit_m32_top50,146,588,0.5,1.0,0.6131471927654584
compact_4bit_m32_top50,147,4233,0.6,1.0,0.6661998717660157
compact_4bit_m32_top50,149,8456,0.3333333333333333,1.0,0.46927872602275644
compact_4bit_m32_top50,150,10213,0.0,0.0,0.0
compact_4bit_m32_top50,151,106,0.0,0.0,0.0
compact_4bit_m32_top50,152,4306,0.5,1.0,0.5032251913410369
compact_4bit_m32_top50,153,5196,0.0,0.0,0.0
compact_4bit_m32_top50,154,3006,0.0,0.0,0.0
compact_4bit_m32_top50,156,3909,0.1,1.0,0.2200917662980802
compact_4bit_m32_top50,157,4116,1.0,1.0,1.0
compact_4bit_m32_top50,158,4942,0.0,0.0,0.0
compact_4bit_m32_top50,159,6907,0.0,0.0,0.0
compact_4bit_m32_top50,160,5464,0.0,0.0,0.0
compact_4bit_m32_top50,162,691,0.0,0.0,0.0
compact_4bit_m32_top50,163,3177,0.0,0.0,0.0
compact_4bit_m32_top50,166,2088,0.0,0.0,0.0
compact_4bit_m32_top50,167,9391,0.25,0.25,0.16812753627111746
compact_4bit_m32_top50,168,529,0.0,0.0,0.0
compact_4bit_m32_top50,169,2118,0.0,0.0,0.0
compact_4bit_m32_top50,170,3148,0.4,1.0,0.5087403079104241
compact_4bit_m32_top50,171,4955,0.0,0.0,0.0
compact_4bit_m32_top50,173,4678,0.0,0.0,0.0
compact_4bit_m32_top50,174,2398,0.2,0.25,0.14606834984270645
compact_4bit_m32_top50,175,3569,0.0,0.0,0.0
compact_4bit_m32_top50,176,8072,0.3333333333333333,0.5,0.2960819109658652
compact_4bit_m32_top50,179,6746,0.0,0.0,0.0
compact_4bit_m32_top50,180,5511,0.0,0.0,0.0
compact_4bit_m32_top50,181,6009,0.0,0.0,0.0
compact_4bit_m32_top50,184,1157,0.5,1.0,0.6131471927654584
compact_4bit_m32_top50,185,988,0.0,0.0,0.0
compact_4bit_m32_top50,186,3369,0.0,0.0,0.0
compact_4bit_m32_top50,187,9296,0.5,0.5,0.38685280723454163
compact_4bit_m32_top50,188,9643,1.0,0.5,0.6309297535714575
compact_4bit_m32_top50,189,9245,0.0,0.0,0.0
compact_4bit_m32_top50,192,26,0.5,0.5,0.38685280723454163
compact_4bit_m32_top50,193,4962,0.0,0.0,0.0
compact_4bit_m32_top50,194,4846,0.0,0.0,0.0
compact_4bit_m32_top50,195,2460,1.0,1.0,1.0
compact_4bit_m32_top50,196,9403,0.0,0.0,0.0
compact_4bit_m32_top50,197,5646,0.6666666666666666,1.0,0.7653606369886217
compact_4bit_m32_top50,198,3503,0.14285714285714285,0.25,0.11838279295536291
compact_4bit_m32_top50,200,929,1.0,1.0,1.0
compact_4bit_m32_top50,201,5993,0.13333333333333333,1.0,0.35895421017163476
compact_4bit_m32_top50,202,10845,1.0,1.0,1.0
compact_4bit_m32_top50,203,8116,0.5,0.14285714285714285,0.20438239758848611
compact_4bit_m32_top50,204,9633,0.5,0.1,0.17723928678404774
compact_4bit_m32_top50,205,5710,0.0,0.0,0.0
compact_4bit_m32_top50,206,9824,1.0,0.2,0.38685280723454163
compact_4bit_m32_top50,207,7529,0.0,0.0,0.0
compact_4bit_m32_top50,208,475,1.0,0.5,0.6309297535714575
compact_4bit_m32_top50,209,5021,0.0,0.0,0.0
compact_4bit_m32_top50,210,9548,0.0,0.0,0.0
compact_4bit_m32_top50,211,7592,0.0,0.0,0.0
compact_4bit_m32_top50,213,7758,1.0,1.0,1.0
compact_4bit_m32_top50,214,3612,0.0,0.0,0.0
compact_4bit_m32_top50,215,10596,0.6,1.0,0.6661998717660157
compact_4bit_m32_top50,216,4153,0.0,0.0,0.0
compact_4bit_m32_top50,217,4409,0.1,0.5,0.13886244387355456
compact_4bit_m32_top50,218,5369,0.0,0.0,0.0
compact_4bit_m32_top50,219,2070,0.0,0.0,0.0
compact_4bit_m32_top50,220,5505,1.0,0.3333333333333333,0.5
compact_4bit_m32_top50,222,11039,0.25,1.0,0.3260595412115671
compact_4bit_m32_top50,223,5460,0.0,0.0,0.0
compact_4bit_m32_top50,224,7925,0.0,0.0,0.0
compact_4bit_m32_top50,225,4286,0.5,1.0,0.6131471927654584
compact_4bit_m32_top50,226,3789,0.25,0.125,0.123151194370365
compact_4bit_m32_top50,227,5228,0.0,0.0,0.0
compact_4bit_m32_top50,228,2685,0.0,0.0,0.0
compact_4bit_m32_top50,229,8702,0.6666666666666666,0.3333333333333333,0.38268031849431083
compact_4bit_m32_top50,230,1877,1.0,1.0,1.0
compact_4bit_m32_top50,231,10645,0.5,1.0,0.6131471927654584
compact_4bit_m32_top50,232,1090,0.0,0.0,0.0
compact_4bit_m32_top50,233,7080,0.5,1.0,0.6131471927654584
compact_4bit_m32_top50,235,3682,0.0,0.0,0.0
compact_4bit_m32_top50,237,8507,0.0,0.0,0.0
compact_4bit_m32_top50,238,6221,0.0,0.0,0.0
compact_4bit_m32_top50,240,6468,0.5,0.5,0.38685280723454163
compact_4bit_m32_top50,241,3008,0.25,0.5,0.24630238874073
compact_4bit_m32_top50,244,6644,0.0,0.0,0.0
compact_4bit_m32_top50,245,6420,0.5,1.0,0.6131471927654584
compact_4bit_m32_top50,247,4844,1.0,1.0,1.0
compact_4bit_m32_top50,248,7463,0.2,0.16666666666666666,0.1208113026994942
compact_4bit_m32_top50,250,10267,0.0,0.0,0.0
compact_4bit_m32_top50,251,7622,0.0,0.0,0.0
compact_4bit_m32_top50,253,2498,0.0,0.0,0.0
compact_4bit_m32_top50,255,3767,0.0,0.0,0.0
compact_4bit_m32_top50,256,7145,0.3333333333333333,0.5,0.2960819109658652
compact_4bit_m32_top50,258,9556,1.0,0.25,0.43067655807339306
compact_4bit_m32_top50,260,6410,0.0,0.0,0.0
compact_4bit_m32_top50,261,5155,0.0,0.0,0.0
compact_4bit_m32_top50,262,5030,0.0,0.0,0.0
compact_4bit_m32_top50,263,6252,0.14285714285714285,0.1111111111111111,0.08274602130532002
compact_4bit_m32_top50,267,766,0.0,0.0,0.0
compact_4bit_m32_top50,268,8779,0.0,0.0,0.0
compact_4bit_m32_top50,269,2183,0.5,1.0,0.5413753343496284
compact_4bit_m32_top50,270,6219,0.5,1.0,0.6131471927654584
compact_4bit_m32_top50,271,6849,0.0,0.0,0.0
compact_4bit_m32_top50,272,8079,0.6666666666666666,1.0,0.7653606369886217
compact_4bit_m32_top50,273,5086,1.0,1.0,1.0
compact_4bit_m32_top50,274,8202,0.0,0.0,0.0
compact_4bit_m32_top50,275,7345,0.3333333333333333,0.125,0.1480409554829326
compact_4bit_m32_top50,276,2648,1.0,0.5,0.6309297535714575
compact_4bit_m32_top50,278,776,0.25,1.0,0.36792125721353286
compact_4bit_m32_top50,279,5125,0.0,0.0,0.0
compact_4bit_m32_top50,280,89,0.16666666666666666,0.14285714285714285,0.10086747116627115
compact_4bit_m32_top50,281,9329,0.0,0.0,0.0
compact_4bit_m32_top50,282,2516,0.5,1.0,0.6366824387328317
compact_4bit_m32_top50,283,6629,0.0,0.0,0.0
compact_4bit_m32_top50,284,8970,1.0,0.5,0.5912352048230277
compact_4bit_m32_top50,285,4484,1.0,0.16666666666666666,0.3562071871080222
compact_4bit_m32_top50,286,1451,0.0,0.0,0.0
compact_4bit_m32_top50,287,1889,0.0,0.0,0.0
compact_4bit_m32_top50,288,1920,1.0,0.14285714285714285,0.3333333333333333
compact_4bit_m32_top50,289,8013,0.0,0.0,0.0
compact_4bit_m32_top50,290,3759,0.0,0.0,0.0
compact_4bit_m32_top50,291,7295,0.0,0.0,0.0
compact_4bit_m32_top50,292,7448,0.0,0.0,0.0
compact_4bit_m32_top50,293,7329,0.5,0.16666666666666666,0.21840743681816419
compact_4bit_m32_top50,294,10639,0.0,0.0,0.0
compact_4bit_m32_top50,296,4312,0.42857142857142855,0.5,0.37455647124892244
compact_4bit_m32_top50,297,1230,0.0,0.0,0.0
compact_4bit_m32_top50,298,2486,0.0,0.0,0.0
compact_4bit_m32_top50,299,6121,1.0,0.3333333333333333,0.5109559939712153
compact_4bit_m32_top50,300,859,0.0,0.0,0.0
compact_4bit_m32_top50,302,2590,0.3333333333333333,1.0,0.46927872602275644
compact_4bit_m32_top50,303,3781,1.0,1.0,0.8175295903539445
compact_4bit_m32_top50,304,5374,0.0,0.0,0.0
compact_4bit_m32_top50,305,1310,0.0,0.0,0.0
compact_4bit_m32_top50,306,8005,0.0,0.0,0.0
compact_4bit_m32_top50,307,2994,0.3333333333333333,0.1,0.13565197343244778
compact_4bit_m32_top50,308,6142,0.0,0.0,0.0
compact_4bit_m32_top50,309,3125,1.0,0.5,0.6309297535714575
compact_4bit_m32_top50,310,8832,1.0,1.0,1.0
compact_4bit_m32_top50,311,3683,0.6666666666666666,1.0,0.5933237152141999
compact_4bit_m32_top50,312,939,1.0,0.1,0.2890648263178879
compact_4bit_m32_top50,313,7206,0.0,0.0,0.0
compact_4bit_m32_top50,314,10246,0.0,0.0,0.0
compact_4bit_m32_top50,315,5241,0.4,0.1111111111111111,0.2001366809542687
compact_4bit_m32_top50,316,8121,0.0,0.0,0.0
compact_4bit_m32_top50,317,98,0.5,1.0,0.6131471927654584
compact_4bit_m32_top50,318,5064,0.5,1.0,0.6131471927654584
compact_4bit_m32_top50,319,4615,0.6666666666666666,1.0,0.6887841483036672
compact_4bit_m32_top50,320,7467,0.0,0.0,0.0
compact_4bit_m32_top50,322,503,0.0,0.0,0.0
compact_4bit_m32_top50,324,6467,0.0,0.0,0.0
compact_4bit_m32_top50,325,4289,0.5,0.14285714285714285,0.20438239758848611
compact_4bit_m32_top50,326,4394,0.0,0.0,0.0
compact_4bit_m32_top50,327,4047,0.75,1.0,0.8048099750039491
compact_4bit_m32_top50,328,1815,1.0,0.3333333333333333,0.5
compact_4bit_m32_top50,329,7218,1.0,0.25,0.43067655807339306
compact_4bit_m32_top50,330,8982,0.0,0.0,0.0
compact_4bit_m32_top50,331,8874,0.0,0.0,0.0
compact_4bit_m32_top50,334,8937,0.0,0.0,0.0
compact_4bit_m32_top50,335,7344,0.5,1.0,0.6131471927654584
compact_4bit_m32_top50,336,2856,0.5,0.5,0.3853585682515056
compact_4bit_m32_top50,337,7801,0.5,1.0,0.6131471927654584
compact_4bit_m32_top50,339,6875,0.0,0.0,0.0
compact_4bit_m32_top50,340,6891,0.3333333333333333,1.0,0.46927872602275644
compact_4bit_m32_top50,341,7702,0.5,0.3333333333333333,0.3065735963827292
compact_4bit_m32_top50,342,2695,1.0,1.0,1.0
compact_4bit_m32_top50,346,5427,0.5,0.3333333333333333,0.3065735963827292
compact_4bit_m32_top50,347,2587,1.0,1.0,1.0
compact_4bit_m32_top50,348,5782,0.4,1.0,0.45221360703148816
compact_4bit_m32_top50,349,9871,0.0,0.0,0.0
compact_4bit_m32_top50,350,6668,0.0,0.0,0.0
compact_4bit_m32_top50,352,2443,0.0,0.0,0.0
compact_4bit_m32_top50,353,3179,0.5,1.0,0.6131471927654584
compact_4bit_m32_top50,354,3404,0.0,0.0,0.0
compact_4bit_m32_top50,355,3453,1.0,0.1111111111111111,0.36181498356361597
compact_4bit_m32_top50,357,5808,0.0,0.0,0.0
compact_4bit_m32_top50,358,4845,0.6666666666666666,1.0,0.6713860725233041
compact_4bit_m32_top50,359,3625,0.0,0.0,0.0
compact_4bit_m32_top50,363,4464,0.0,0.0,0.0
compact_4bit_m32_top50,364,3822,0.25,0.1,0.11284514134893527
compact_4bit_m32_top50,365,7879,0.0,0.0,0.0
compact_4bit_m32_top50,367,8512,0.0,0.0,0.0
compact_4bit_m32_top50,368,3995,0.2,0.3333333333333333,0.16958010263680806
compact_4bit_m32_top50,369,559,0.0,0.0,0.0
compact_4bit_m32_top50,370,3791,0.6666666666666666,0.25,0.38364913903790027
compact_4bit_m32_top50,371,8002,0.6666666666666666,0.5,0.5307212739772434
compact_4bit_m32_top50,372,4179,1.0,1.0,1.0
compact_4bit_m32_top50,373,2891,1.0,1.0,1.0
compact_4bit_m32_top50,374,853,0.0,0.0,0.0
compact_4bit_m32_top50,375,10136,0.3333333333333333,0.16666666666666666,0.16716045496620227
compact_4bit_m32_top50,377,2513,0.0,0.0,0.0
compact_4bit_m32_top50,378,5206,0.0,0.0,0.0
compact_4bit_m32_top50,380,4433,0.0,0.0,0.0
compact_4bit_m32_top50,381,4188,0.0,0.0,0.0
compact_4bit_m32_top50,382,2713,0.5,0.1,0.17723928678404774
compact_4bit_m32_top50,383,9060,1.0,0.3333333333333333,0.5437713091520254
compact_4bit_m32_top50,384,7098,0.5,1.0,0.6131471927654584
compact_4bit_m32_top50,385,10628,1.0,0.2,0.38685280723454163
compact_4bit_m32_top50,386,6683,0.0,0.0,0.0
compact_4bit_m32_top50,387,10183,0.0,0.0,0.0
compact_4bit_m32_top50,388,3829,0.0,0.0,0.0
compact_4bit_m32_top50,389,5585,0.0,0.0,0.0
compact_4bit_m32_top50,390,4105,0.0,0.0,0.0
compact_4bit_m32_top50,391,1074,1.0,1.0,1.0
compact_4bit_m32_top50,394,9275,0.0,0.0,0.0
compact_4bit_m32_top50,395,10497,0.2,1.0,0.314880130667631
compact_4bit_m32_top50,396,9481,1.0,0.3333333333333333,0.5437713091520254
compact_4bit_m32_top50,397,3500,0.3333333333333333,0.5,0.286381299268402
compact_4bit_m32_top50,399,1306,0.0,0.0,0.0
compact_4bit_m32_top50,400,1826,0.5,1.0,0.6366824387328317
compact_4bit_m32_top50,401,6262,0.6666666666666666,1.0,0.7653606369886217
compact_4bit_m32_top50,402,5347,1.0,1.0,1.0
compact_4bit_m32_top50,403,4500,0.0,0.0,0.0
compact_4bit_m32_top50,404,3615,1.0,1.0,1.0
compact_4bit_m32_top50,405,8632,0.5,0.1111111111111111,0.18457569677956817
compact_4bit_m32_top50,406,9979,0.25,1.0,0.3903800499921017
compact_4bit_m32_top50,407,9617,0.3333333333333333,1.0,0.46927872602275644
compact_4bit_m32_top50,408,1948,0.0,0.0,0.0
compact_4bit_m32_top50,409,6133,0.0,0.0,0.0
compact_4bit_m32_top50,410,9737,0.0,0.0,0.0
compact_4bit_m32_top50,411,3771,0.3333333333333333,1.0,0.4935232796777481
compact_4bit_m32_top50,412,1736,0.0,0.0,0.0
compact_4bit_m32_top50,413,5255,0.3333333333333333,1.0,0.46927872602275644
compact_4bit_m32_top50,414,5380,1.0,1.0,1.0
compact_4bit_m32_top50,416,2051,0.0,0.0,0.0
compact_4bit_m32_top50,417,5067,0.0,0.0,0.0
compact_4bit_m32_top50,418,10414,1.0,1.0,0.9197207891481876
compact_4bit_m32_top50,421,4756,0.0,0.0,0.0
compact_4bit_m32_top50,422,7754,1.0,1.0,1.0
compact_4bit_m32_top50,423,2076,0.5,1.0,0.6131471927654584
compact_4bit_m32_top50,424,1322,0.0,0.0,0.0
compact_4bit_m32_top50,426,5172,0.0,0.0,0.0
compact_4bit_m32_top50,427,5185,0.0,0.0,0.0
compact_4bit_m32_top50,428,9644,1.0,0.16666666666666666,0.3562071871080222
compact_4bit_m32_top50,429,6909,0.0,0.0,0.0
compact_4bit_m32_top50,430,5906,0.0,0.0,0.0
compact_4bit_m32_top50,431,2348,0.26666666666666666,0.3333333333333333,0.3494867399516553
compact_4bit_m32_top50,432,687,0.0,0.0,0.0
compact_4bit_m32_top50,433,8017,1.0,0.25,0.43067655807339306
compact_4bit_m32_top50,434,8795,1.0,1.0,1.0
compact_4bit_m32_top50,435,4499,0.0,0.0,0.0
compact_4bit_m32_top50,437,42,0.0,0.0,0.0
compact_4bit_m32_top50,440,8296,1.0,1.0,1.0
compact_4bit_m32_top50,441,659,0.4,1.0,0.47338717040861206
compact_4bit_m32_top50,442,9108,0.0,0.0,0.0
compact_4bit_m32_top50,443,6835,0.0,0.0,0.0
compact_4bit_m32_top50,444,6803,0.5,0.5,0.4144299250118475
compact_4bit_m32_top50,445,9381,0.0,0.0,0.0
compact_4bit_m32_top50,447,3067,0.0,0.0,0.0
compact_4bit_m32_top50,448,4125,0.0,0.0,0.0
compact_4bit_m32_top50,449,1150,0.0,0.0,0.0
compact_4bit_m32_top50,450,7431,0.0,0.0,0.0
compact_4bit_m32_top50,451,2384,1.0,0.2,0.38685280723454163
compact_4bit_m32_top50,452,895,1.0,0.5,0.6309297535714575
compact_4bit_m32_top50,453,7747,0.0,0.0,0.0
compact_4bit_m32_top50,454,879,1.0,1.0,1.0
compact_4bit_m32_top50,455,8040,0.0,0.0,0.0
compact_4bit_m32_top50,456,3051,1.0,1.0,0.9197207891481876
compact_4bit_m32_top50,457,7705,0.3333333333333333,0.3333333333333333,0.23463936301137822
compact_4bit_m32_top50,458,10039,0.0,0.0,0.0
compact_4bit_m32_top50,459,9808,0.3333333333333333,0.3333333333333333,0.23463936301137822
compact_4bit_m32_top50,460,7188,1.0,0.125,0.31546487678572877
compact_4bit_m32_top50,461,4813,1.0,0.5,0.6309297535714575
compact_4bit_m32_top50,462,3888,0.0,0.0,0.0
compact_4bit_m32_top50,464,957,0.3333333333333333,0.1,0.13565197343244778
compact_4bit_m32_top50,465,10601,0.0,0.0,0.0
compact_4bit_m32_top50,466,1871,0.5,1.0,0.5855700749881525
compact_4bit_m32_top50,467,5331,1.0,0.3333333333333333,0.5
compact_4bit_m32_top50,468,2790,0.14285714285714285,1.0,0.27487633291429087
compact_4bit_m32_top50,469,9882,0.0,0.0,0.0
compact_4bit_m32_top50,470,4999,0.5,1.0,0.5294362295028773
compact_4bit_m32_top50,471,4142,0.75,0.14285714285714285,0.36048792943606295
compact_4bit_m32_top50,472,3189,0.0,0.0,0.0
compact_4bit_m32_top50,473,5134,0.5,0.2,0.23719771276929622
compact_4bit_m32_top50,474,1321,0.0,0.0,0.0
compact_4bit_m32_top50,475,10710,1.0,0.16666666666666666,0.3562071871080222
compact_4bit_m32_top50,476,6890,0.5,1.0,0.6131471927654584
compact_4bit_m32_top50,477,3049,0.75,0.5,0.5154852515822061
compact_4bit_m32_top50,478,849,0.0,0.0,0.0
compact_4bit_m32_top50,481,715,0.0,0.0,0.0
compact_4bit_m32_top50,484,2204,0.5,1.0,0.647939623894138
compact_4bit_m32_top50,485,9646,0.5,1.0,0.6131471927654584
compact_4bit_m32_top50,486,2334,0.3333333333333333,0.1111111111111111,0.14126697285982898
compact_4bit_m32_top50,487,2903,0.0,0.0,0.0
compact_4bit_m32_top50,488,4827,1.0,1.0,1.0
compact_4bit_m32_top50,491,1530,0.6666666666666666,1.0,0.7039180890341347
compact_4bit_m32_top50,492,504,0.0,0.0,0.0
compact_4bit_m32_top50,493,721,1.0,1.0,1.0
compact_4bit_m32_top50,495,3186,0.5,1.0,0.6131471927654584
compact_4bit_m32_top50,497,3859,0.0,0.0,0.0
compact_4bit_m32_top50,498,1994,0.0,0.0,0.0
compact_4bit_m32_top50,499,6647,0.3333333333333333,1.0,0.46927872602275644
compact_4bit_m32_top50,500,9164,0.3333333333333333,1.0,0.46927872602275644
compact_4bit_m32_top50,501,1812,0.5,0.125,0.19342640361727081
compact_4bit_m32_top50,502,10462,0.0,0.0,0.0
compact_4bit_m32_top50,503,8855,0.0,0.0,0.0
compact_4bit_m32_top50,505,4968,0.0,0.0,0.0
compact_4bit_m32_top50,506,7876,0.0,0.0,0.0
compact_4bit_m32_top50,507,7071,0.0,0.0,0.0
compact_4bit_m32_top50,508,3534,0.0,0.0,0.0
compact_4bit_m32_top50,509,8974,0.375,1.0,0.4416737339478612
compact_4bit_m32_top50,510,10912,0.0,0.0,0.0
compact_4bit_m32_top50,511,2737,1.0,1.0,1.0
compact_4bit_m32_top50,512,2964,0.5,0.1111111111111111,0.18457569677956817
compact_4bit_m32_top50,513,5178,0.4,0.5,0.38356636737133565
compact_4bit_m32_top50,514,5061,0.0,0.0,0.0
compact_4bit_m32_top50,516,9385,1.0,1.0,1.0
compact_4bit_m32_top50,517,4411,0.3333333333333333,0.16666666666666666,0.16716045496620227
compact_4bit_m32_top50,518,515,1.0,0.5,0.6309297535714575
compact_4bit_m32_top50,519,2075,0.3333333333333333,1.0,0.48457138819693474
compact_4bit_m32_top50,520,8230,0.0,0.0,0.0
compact_4bit_m32_top50,521,4335,0.25,1.0,0.3903800499921017
compact_4bit_m32_top50,522,7533,0.0,0.0,0.0
compact_4bit_m32_top50,523,5683,0.0,0.0,0.0
compact_4bit_m32_top50,524,4785,1.0,0.25,0.43067655807339306
compact_4bit_m32_top50,525,7456,0.0,0.0,0.0
compact_4bit_m32_top50,526,3528,1.0,0.25,0.43067655807339306
compact_4bit_m32_top50,528,9487,0.0,0.0,0.0
compact_4bit_m32_top50,529,10792,1.0,0.3333333333333333,0.5249810332008933
compact_4bit_m32_top50,530,5264,0.8,1.0,0.72878684203556
compact_4bit_m32_top50,531,9733,0.0,0.0,0.0
compact_4bit_m32_top50,533,7311,0.0,0.0,0.0
compact_4bit_m32_top50,534,744,0.0,0.0,0.0
compact_4bit_m32_top50,535,7141,0.5,0.16666666666666666,0.21840743681816419
compact_4bit_m32_top50,536,672,0.0,0.0,0.0
compact_4bit_m32_top50,537,6002,0.45454545454545453,1.0,0.5599332595218056
compact_4bit_m32_top50,538,4071,0.0,0.0,0.0
compact_4bit_m32_top50,539,4103,0.0,0.0,0.0
compact_4bit_m32_top50,540,1441,1.0,1.0,1.0
compact_4bit_m32_top50,542,7512,0.0,0.0,0.0
compact_4bit_m32_top50,543,2589,0.6666666666666666,1.0,0.7653606369886217
compact_4bit_m32_top50,544,2598,0.5,0.5,0.38685280723454163
compact_4bit_m32_top50,545,6800,1.0,1.0,1.0
compact_4bit_m32_top50,546,1391,0.0,0.0,0.0
compact_4bit_m32_top50,547,6278,1.0,1.0,0.8772153153380493
compact_4bit_m32_top50,548,7534,0.3333333333333333,1.0,0.46927872602275644
compact_4bit_m32_top50,549,5356,0.0,0.0,0.0
compact_4bit_m32_top50,550,2579,0.3333333333333333,1.0,0.39007412760022164
compact_4bit_m32_top50,551,9961,0.0,0.0,0.0
compact_4bit_m32_top50,552,7484,1.0,1.0,1.0
compact_4bit_m32_top50,553,5790,0.0,0.0,0.0
compact_4bit_m32_top50,554,7823,0.3333333333333333,1.0,0.46927872602275644
compact_4bit_m32_top50,555,689,0.0,0.0,0.0
compact_4bit_m32_top50,556,604,0.3333333333333333,0.2,0.18154179253735267
compact_4bit_m32_top50,557,9174,0.2,0.5,0.21398626473452756
compact_4bit_m32_top50,558,6867,0.42857142857142855,1.0,0.4950605206767563
compact_4bit_m32_top50,559,5970,0.3333333333333333,1.0,0.46927872602275644
compact_4bit_m32_top50,560,4681,1.0,0.5,0.6240505200038379
compact_4bit_m32_top50,562,6901,0.5,0.5,0.38685280723454163
compact_4bit_m32_top50,563,10808,0.0,0.0,0.0
compact_4bit_m32_top50,564,2383,0.0,0.0,0.0
compact_4bit_m32_top50,565,3085,1.0,0.3333333333333333,0.5109559939712153
compact_4bit_m32_top50,566,104,0.5,1.0,0.6131471927654584
compact_4bit_m32_top50,568,684,0.0,0.0,0.0
compact_4bit_m32_top50,569,10674,0.25,1.0,0.3903800499921017
compact_4bit_m32_top50,571,10526,0.5,0.2,0.23719771276929622
compact_4bit_m32_top50,572,2181,0.0,0.0,0.0
compact_4bit_m32_top50,573,10994,1.0,0.25,0.448643819352159
compact_4bit_m32_top50,574,5903,0.0,0.0,0.0
compact_4bit_m32_top50,576,5254,0.0,0.0,0.0
compact_4bit_m32_top50,579,7936,0.6666666666666666,0.5,0.4776237035032179
compact_4bit_m32_top50,582,7633,0.25,1.0,0.3903800499921017
compact_4bit_m32_top50,583,2400,0.3333333333333333,0.16666666666666666,0.16716045496620227
compact_4bit_m32_top50,584,5549,0.0,0.0,0.0
compact_4bit_m32_top50,585,1832,1.0,0.2,0.38685280723454163
compact_4bit_m32_top50,586,2749,0.5,0.5,0.38685280723454163
compact_4bit_m32_top50,588,3735,0.6666666666666666,0.125,0.2836929289153804
compact_4bit_m32_top50,589,622,0.0,0.0,0.0
compact_4bit_m32_top50,591,4605,0.5714285714285714,1.0,0.653400611352013
compact_4bit_m32_top50,592,2330,0.5,0.3333333333333333,0.3065735963827292
compact_4bit_m32_top50,593,6792,0.0,0.0,0.0
compact_4bit_m32_top50,595,2885,0.0,0.0,0.0
compact_4bit_m32_top50,596,15,1.0,1.0,1.0
compact_4bit_m32_top50,597,6110,0.25,0.5,0.23938361568734454
compact_4bit_m32_top50,598,4823,0.3333333333333333,0.5,0.2960819109658652
compact_4bit_m32_top50,599,3694,0.5,0.16666666666666666,0.21840743681816419
compact_4bit_m32_top50,600,8,0.5,1.0,0.6131471927654584
compact_4bit_m32_top50,601,1309,0.25,1.0,0.3903800499921017
compact_4bit_m32_top50,603,699,0.0,0.0,0.0
compact_4bit_m32_top50,604,7109,0.6666666666666666,0.14285714285714285,0.29769321486741446
compact_4bit_m32_top50,605,5080,0.0,0.0,0.0
compact_4bit_m32_top50,606,4981,0.3333333333333333,0.5,0.2960819109658652
compact_4bit_m32_top50,607,3875,1.0,1.0,0.8772153153380493
compact_4bit_m32_top50,609,3934,0.0,0.0,0.0
compact_4bit_m32_top50,611,2264,0.5,1.0,0.6131471927654584
compact_4bit_m32_top50,612,2895,0.0,0.0,0.0
compact_4bit_m32_top50,613,6787,0.0,0.0,0.0
compact_4bit_m32_top50,614,7096,1.0,0.5,0.6309297535714575
compact_4bit_m32_top50,615,2747,1.0,0.14285714285714285,0.3333333333333333
compact_4bit_m32_top50,617,1748,0.3333333333333333,1.0,0.46927872602275644
compact_4bit_m32_top50,618,9735,0.0,0.0,0.0
compact_4bit_m32_top50,619,5862,0.0,0.0,0.0
compact_4bit_m32_top50,620,10932,1.0,1.0,1.0
compact_4bit_m32_top50,621,6041,0.5,1.0,0.6366824387328317
compact_4bit_m32_top50,622,7178,1.0,0.16666666666666666,0.3562071871080222
compact_4bit_m32_top50,623,7068,0.0,0.0,0.0
compact_4bit_m32_top50,625,10558,0.5,0.16666666666666666,0.21840743681816419
compact_4bit_m32_top50,626,3014,0.0,0.0,0.0
compact_4bit_m32_top50,627,4863,0.3333333333333333,1.0,0.46927872602275644
compact_4bit_m32_top50,629,1416,0.0,0.0,0.0
compact_4bit_m32_top50,630,2801,0.5,1.0,0.6131471927654584
compact_4bit_m32_top50,631,5343,0.0,0.0,0.0
compact_4bit_m32_top50,632,547,0.0,0.0,0.0
compact_4bit_m32_top50,633,6985,1.0,1.0,1.0
compact_4bit_m32_top50,634,2154,0.0,0.0,0.0
compact_4bit_m32_top50,638,3033,0.5,1.0,0.6131471927654584
compact_4bit_m32_top50,641,10812,0.75,1.0,0.8048099750039491
compact_4bit_m32_top50,642,3512,1.0,1.0,0.9197207891481876
compact_4bit_m32_top50,643,4102,0.0,0.0,0.0
compact_4bit_m32_top50,644,3566,0.3333333333333333,0.3333333333333333,0.23463936301137822
compact_4bit_m32_top50,645,94,1.0,0.5,0.6309297535714575
compact_4bit_m32_top50,646,2551,1.0,1.0,0.9134015924715543
compact_4bit_m32_top50,647,2399,1.0,0.5,0.6309297535714575
compact_8bit_m16_top50,0,4641,0.4,1.0,0.5531464700081437
compact_8bit_m16_top50,1,5503,0.5,0.3333333333333333,0.3065735963827292
compact_8bit_m16_top50,3,7017,0.0,0.0,0.0
compact_8bit_m16_top50,4,10152,1.0,1.0,1.0
compact_8bit_m16_top50,6,4804,0.0,0.0,0.0
compact_8bit_m16_top50,7,7911,1.0,1.0,1.0
compact_8bit_m16_top50,8,10809,0.3333333333333333,1.0,0.46927872602275644
compact_8bit_m16_top50,9,6715,0.0,0.0,0.0
compact_8bit_m16_top50,10,2388,1.0,1.0,1.0
compact_8bit_m16_top50,12,4465,0.3333333333333333,0.3333333333333333,0.23463936301137822
compact_8bit_m16_top50,13,7326,0.0,0.0,0.0
compact_8bit_m16_top50,16,10827,0.2,0.16666666666666666,0.1208113026994942
compact_8bit_m16_top50,17,9771,0.0,0.0,0.0
compact_8bit_m16_top50,18,7105,0.0,0.0,0.0
compact_8bit_m16_top50,19,9332,0.0,0.0,0.0
compact_8bit_m16_top50,21,5853,0.25,0.125,0.1559378792798317
compact_8bit_m16_top50,22,6832,0.0,0.0,0.0
compact_8bit_m16_top50,23,6807,1.0,1.0,1.0
compact_8bit_m16_top50,24,570,0.0,0.0,0.0
compact_8bit_m16_top50,25,7279,0.75,1.0,0.6760236910196463
compact_8bit_m16_top50,26,594,0.5,1.0,0.6131471927654584
compact_8bit_m16_top50,27,10122,0.5,0.25,0.2856436410275446
compact_8bit_m16_top50,28,3091,0.2857142857142857,1.0,0.4483039899025303
compact_8bit_m16_top50,31,8537,0.0,0.0,0.0
compact_8bit_m16_top50,32,3357,0.0,0.0,0.0
compact_8bit_m16_top50,33,1783,0.0,0.0,0.0
compact_8bit_m16_top50,34,6004,0.0,0.0,0.0
compact_8bit_m16_top50,35,2923,0.8,1.0,0.8539316501572937
compact_8bit_m16_top50,36,5271,0.3333333333333333,0.16666666666666666,0.16716045496620227
compact_8bit_m16_top50,37,2108,0.3333333333333333,0.25,0.20210734650054757
compact_8bit_m16_top50,38,7590,0.5,0.125,0.19342640361727081
compact_8bit_m16_top50,39,932,0.0,0.0,0.0
compact_8bit_m16_top50,40,5981,0.8,1.0,0.8687949224876582
compact_8bit_m16_top50,41,4837,0.0,0.0,0.0
compact_8bit_m16_top50,42,4415,0.0,0.0,0.0
compact_8bit_m16_top50,43,1915,0.0,0.0,0.0
compact_8bit_m16_top50,45,2316,0.0,0.0,0.0
compact_8bit_m16_top50,46,8102,0.25,1.0,0.3903800499921017
compact_8bit_m16_top50,47,3405,0.0,0.0,0.0
compact_8bit_m16_top50,48,7928,0.0,0.0,0.0
compact_8bit_m16_top50,50,1281,0.0,0.0,0.0
compact_8bit_m16_top50,51,3830,1.0,1.0,1.0
compact_8bit_m16_top50,52,3837,1.0,0.25,0.43067655807339306
compact_8bit_m16_top50,53,4447,1.0,0.16666666666666666,0.3562071871080222
compact_8bit_m16_top50,55,4777,0.0,0.0,0.0
compact_8bit_m16_top50,56,5741,0.0,0.0,0.0
compact_8bit_m16_top50,57,2318,0.0,0.0,0.0
compact_8bit_m16_top50,59,8271,0.0,0.0,0.0
compact_8bit_m16_top50,62,5888,0.0,0.0,0.0
compact_8bit_m16_top50,63,2568,0.42857142857142855,1.0,0.5666867828578932
compact_8bit_m16_top50,64,5150,0.0,0.0,0.0
compact_8bit_m16_top50,65,7124,0.25,0.2,0.15101961822780524
compact_8bit_m16_top50,66,2857,0.5,1.0,0.6366824387328317
compact_8bit_m16_top50,67,8539,0.0,0.0,0.0
compact_8bit_m16_top50,68,6896,0.0,0.0,0.0
compact_8bit_m16_top50,69,1085,0.0,0.0,0.0
compact_8bit_m16_top50,70,5422,0.25,0.5,0.24630238874073
compact_8bit_m16_top50,71,8247,0.0,0.0,0.0
compact_8bit_m16_top50,73,10482,0.0,0.0,0.0
compact_8bit_m16_top50,74,4571,0.3333333333333333,1.0,0.46927872602275644
compact_8bit_m16_top50,75,8789,0.6666666666666666,1.0,0.7653606369886217
compact_8bit_m16_top50,76,8034,0.0,0.0,0.0
compact_8bit_m16_top50,77,4600,1.0,1.0,1.0
compact_8bit_m16_top50,78,2423,0.14285714285714285,0.125,0.08671382849411972
compact_8bit_m16_top50,79,8475,0.7142857142857143,1.0,0.8104616303452685
compact_8bit_m16_top50,80,4523,0.4,0.5,0.31608365985743925
compact_8bit_m16_top50,81,8513,0.0,0.0,0.0
compact_8bit_m16_top50,83,9291,0.0,0.0,0.0
compact_8bit_m16_top50,84,8532,0.3333333333333333,0.3333333333333333,0.23463936301137822
compact_8bit_m16_top50,85,1824,1.0,0.125,0.31546487678572877
compact_8bit_m16_top50,86,5054,0.0,0.0,0.0
compact_8bit_m16_top50,87,1159,0.0,0.0,0.0
compact_8bit_m16_top50,88,4920,0.6666666666666666,1.0,0.6105456988825855
compact_8bit_m16_top50,89,68,0.0,0.0,0.0
compact_8bit_m16_top50,90,7269,1.0,0.16666666666666666,0.3562071871080222
compact_8bit_m16_top50,91,750,0.5,1.0,0.6131471927654584
compact_8bit_m16_top50,92,9701,0.0,0.0,0.0
compact_8bit_m16_top50,94,9126,0.0,0.0,0.0
compact_8bit_m16_top50,95,34,0.0,0.0,0.0
compact_8bit_m16_top50,96,4011,0.6666666666666666,1.0,0.7653606369886217
compact_8bit_m16_top50,97,4700,1.0,1.0,1.0
compact_8bit_m16_top50,98,6395,0.0,0.0,0.0
compact_8bit_m16_top50,99,852,0.6666666666666666,1.0,0.7039180890341347
compact_8bit_m16_top50,100,9115,0.6666666666666666,1.0,0.6713860725233041
compact_8bit_m16_top50,103,4767,0.0,0.0,0.0
compact_8bit_m16_top50,104,2593,0.3333333333333333,0.5,0.2960819109658652
compact_8bit_m16_top50,105,2724,0.0,0.0,0.0
compact_8bit_m16_top50,106,11088,1.0,0.2,0.38685280723454163
compact_8bit_m16_top50,108,109,1.0,0.5,0.6309297535714575
compact_8bit_m16_top50,109,8351,0.0,0.0,0.0
compact_8bit_m16_top50,111,3480,1.0,1.0,1.0
compact_8bit_m16_top50,112,7992,0.5,0.125,0.19342640361727081
compact_8bit_m16_top50,113,858,0.0,0.0,0.0
compact_8bit_m16_top50,114,4019,0.2,0.16666666666666666,0.1208113026994942
compact_8bit_m16_top50,115,6080,0.5,1.0,0.6131471927654584
compact_8bit_m16_top50,116,2580,0.3333333333333333,1.0,0.46927872602275644
compact_8bit_m16_top50,117,7513,0.0,0.0,0.0
compact_8bit_m16_top50,119,5402,0.0,0.0,0.0
compact_8bit_m16_top50,120,4504,1.0,1.0,0.9197207891481876
compact_8bit_m16_top50,121,6562,0.25,0.1111111111111111,0.11751610475642714
compact_8bit_m16_top50,122,4775,0.0,0.0,0.0
compact_8bit_m16_top50,123,9565,1.0,1.0,0.8772153153380493
compact_8bit_m16_top50,124,10734,0.6666666666666666,1.0,0.6854831540674773
compact_8bit_m16_top50,126,585,0.0,0.0,0.0
compact_8bit_m16_top50,127,8934,0.0,0.0,0.0
compact_8bit_m16_top50,128,11054,1.0,1.0,1.0
compact_8bit_m16_top50,129,56,0.0,0.0,0.0
compact_8bit_m16_top50,130,6862,1.0,1.0,1.0
compact_8bit_m16_top50,131,9598,0.0,0.0,0.0
compact_8bit_m16_top50,133,90,0.0,0.0,0.0
compact_8bit_m16_top50,134,8592,0.6666666666666666,0.14285714285714285,0.2920782154400332
compact_8bit_m16_top50,135,10547,0.0,0.0,0.0
compact_8bit_m16_top50,136,5231,0.0,0.0,0.0
compact_8bit_m16_top50,137,7674,0.0,0.0,0.0
compact_8bit_m16_top50,138,3103,1.0,1.0,1.0
compact_8bit_m16_top50,139,10137,0.0,0.0,0.0
compact_8bit_m16_top50,140,1415,1.0,1.0,0.9438661545147249
compact_8bit_m16_top50,141,5940,0.0,0.0,0.0
compact_8bit_m16_top50,142,6612,0.0,0.0,0.0
compact_8bit_m16_top50,143,945,0.0,0.0,0.0
compact_8bit_m16_top50,144,2549,0.0,0.0,0.0
compact_8bit_m16_top50,146,588,0.5,1.0,0.6131471927654584
compact_8bit_m16_top50,147,4233,0.6,1.0,0.7227265726449519
compact_8bit_m16_top50,149,8456,0.3333333333333333,0.5,0.2960819109658652
compact_8bit_m16_top50,150,10213,0.3333333333333333,0.3333333333333333,0.23463936301137822
compact_8bit_m16_top50,151,106,0.0,0.0,0.0
compact_8bit_m16_top50,152,4306,0.5,1.0,0.5205067333228022
compact_8bit_m16_top50,153,5196,0.0,0.0,0.0
compact_8bit_m16_top50,154,3006,0.3333333333333333,0.125,0.18293214719087553
compact_8bit_m16_top50,156,3909,0.2,0.5,0.20511666732794362
compact_8bit_m16_top50,157,4116,1.0,1.0,1.0
compact_8bit_m16_top50,158,4942,0.0,0.0,0.0
compact_8bit_m16_top50,159,6907,0.0,0.0,0.0
compact_8bit_m16_top50,160,5464,0.0,0.0,0.0
compact_8bit_m16_top50,162,691,0.0,0.0,0.0
compact_8bit_m16_top50,163,3177,0.0,0.0,0.0
compact_8bit_m16_top50,166,2088,0.0,0.0,0.0
compact_8bit_m16_top50,167,9391,0.0,0.0,0.0
compact_8bit_m16_top50,168,529,0.0,0.0,0.0
compact_8bit_m16_top50,169,2118,0.0,0.0,0.0
compact_8bit_m16_top50,170,3148,0.4,1.0,0.48522855511632257
compact_8bit_m16_top50,171,4955,0.0,0.0,0.0
compact_8bit_m16_top50,173,4678,0.0,0.0,0.0
compact_8bit_m16_top50,174,2398,0.2,0.16666666666666666,0.1208113026994942
compact_8bit_m16_top50,175,3569,0.0,0.0,0.0
compact_8bit_m16_top50,176,8072,0.6666666666666666,1.0,0.6508205185601091
compact_8bit_m16_top50,179,6746,0.5,0.1,0.17723928678404774
compact_8bit_m16_top50,180,5511,0.1,0.14285714285714285,0.07336392209936006
compact_8bit_m16_top50,181,6009,0.0,0.0,0.0
compact_8bit_m16_top50,184,1157,0.5,0.25,0.2640681225725909
compact_8bit_m16_top50,185,988,0.0,0.0,0.0
compact_8bit_m16_top50,186,3369,0.0,0.0,0.0
compact_8bit_m16_top50,187,9296,1.0,0.5,0.5714285040141098
compact_8bit_m16_top50,188,9643,1.0,0.16666666666666666,0.3562071871080222
compact_8bit_m16_top50,189,9245,0.0,0.0,0.0
compact_8bit_m16_top50,192,26,0.5,0.25,0.2640681225725909
compact_8bit_m16_top50,193,4962,0.0,0.0,0.0
compact_8bit_m16_top50,194,4846,0.0,0.0,0.0
compact_8bit_m16_top50,195,2460,1.0,1.0,1.0
compact_8bit_m16_top50,196,9403,0.0,0.0,0.0
compact_8bit_m16_top50,197,5646,0.6666666666666666,1.0,0.7653606369886217
compact_8bit_m16_top50,198,3503,0.42857142857142855,0.5,0.4024912677501485
compact_8bit_m16_top50,200,929,1.0,0.5,0.6309297535714575
compact_8bit_m16_top50,201,5993,0.2,1.0,0.36885567213865295
compact_8bit_m16_top50,202,10845,1.0,1.0,1.0
compact_8bit_m16_top50,203,8116,1.0,0.14285714285714285,0.38162168437253385
compact_8bit_m16_top50,204,9633,0.0,0.0,0.0
compact_8bit_m16_top50,205,5710,1.0,0.1111111111111111,0.3010299956639812
compact_8bit_m16_top50,206,9824,1.0,0.2,0.38685280723454163
compact_8bit_m16_top50,207,7529,0.0,0.0,0.0
compact_8bit_m16_top50,208,475,1.0,0.3333333333333333,0.5
compact_8bit_m16_top50,209,5021,0.0,0.0,0.0
compact_8bit_m16_top50,210,9548,0.0,0.0,0.0
compact_8bit_m16_top50,211,7592,0.0,0.0,0.0
compact_8bit_m16_top50,213,7758,1.0,0.5,0.6309297535714575
compact_8bit_m16_top50,214,3612,0.0,0.0,0.0
compact_8bit_m16_top50,215,10596,0.8,1.0,0.7678620595110026
compact_8bit_m16_top50,216,4153,0.0,0.0,0.0
compact_8bit_m16_top50,217,4409,0.1,0.3333333333333333,0.1100458831490401
compact_8bit_m16_top50,218,5369,0.0,0.0,0.0
compact_8bit_m16_top50,219,2070,0.0,0.0,0.0
compact_8bit_m16_top50,220,5505,1.0,0.25,0.43067655807339306
compact_8bit_m16_top50,222,11039,0.125,1.0,0.2529427027676571
compact_8bit_m16_top50,223,5460,0.0,0.0,0.0
compact_8bit_m16_top50,224,7925,0.0,0.0,0.0
compact_8bit_m16_top50,225,4286,0.5,1.0,0.6131471927654584
compact_8bit_m16_top50,226,3789,0.5,1.0,0.5294362295028773
compact_8bit_m16_top50,227,5228,0.0,0.0,0.0
compact_8bit_m16_top50,228,2685,0.0,0.0,0.0
compact_8bit_m16_top50,229,8702,0.6666666666666666,0.5,0.49818925746641285
compact_8bit_m16_top50,230,1877,1.0,1.0,1.0
compact_8bit_m16_top50,231,10645,0.0,0.0,0.0
compact_8bit_m16_top50,232,1090,0.0,0.0,0.0
compact_8bit_m16_top50,233,7080,0.5,1.0,0.6131471927654584
compact_8bit_m16_top50,235,3682,0.0,0.0,0.0
compact_8bit_m16_top50,237,8507,0.0,0.0,0.0
compact_8bit_m16_top50,238,6221,0.0,0.0,0.0
compact_8bit_m16_top50,240,6468,0.5,1.0,0.6131471927654584
compact_8bit_m16_top50,241,3008,0.5,1.0,0.5585075862632192
compact_8bit_m16_top50,244,6644,0.0,0.0,0.0
compact_8bit_m16_top50,245,6420,1.0,1.0,0.7977228895450266
compact_8bit_m16_top50,247,4844,1.0,1.0,0.8772153153380493
compact_8bit_m16_top50,248,7463,0.0,0.0,0.0
compact_8bit_m16_top50,250,10267,0.0,0.0,0.0
compact_8bit_m16_top50,251,7622,0.0,0.0,0.0
compact_8bit_m16_top50,253,2498,0.0,0.0,0.0
compact_8bit_m16_top50,255,3767,0.2,0.1111111111111111,0.10209739512291163
compact_8bit_m16_top50,256,7145,0.3333333333333333,0.3333333333333333,0.23463936301137822
compact_8bit_m16_top50,258,9556,1.0,0.3333333333333333,0.5
compact_8bit_m16_top50,260,6410,0.0,0.0,0.0
compact_8bit_m16_top50,261,5155,0.0,0.0,0.0
compact_8bit_m16_top50,262,5030,0.0,0.0,0.0
compact_8bit_m16_top50,263,6252,0.0,0.0,0.0
compact_8bit_m16_top50,267,766,0.0,0.0,0.0
compact_8bit_m16_top50,268,8779,0.0,0.0,0.0
compact_8bit_m16_top50,269,2183,0.5,0.25,0.3551755135728451
compact_8bit_m16_top50,270,6219,0.5,1.0,0.6131471927654584
compact_8bit_m16_top50,271,6849,0.0,0.0,0.0
compact_8bit_m16_top50,272,8079,0.6666666666666666,1.0,0.7039180890341347
compact_8bit_m16_top50,273,5086,1.0,1.0,1.0
compact_8bit_m16_top50,274,8202,0.0,0.0,0.0
compact_8bit_m16_top50,275,7345,0.6666666666666666,0.25,0.35853358850813305
compact_8bit_m16_top50,276,2648,1.0,1.0,1.0
compact_8bit_m16_top50,278,776,0.25,1.0,0.37148910739409025
compact_8bit_m16_top50,279,5125,0.0,0.0,0.0
compact_8bit_m16_top50,280,89,0.16666666666666666,0.14285714285714285,0.10086747116627115
compact_8bit_m16_top50,281,9329,0.0,0.0,0.0
compact_8bit_m16_top50,282,2516,0.5,1.0,0.6366824387328317
compact_8bit_m16_top50,283,6629,0.0,0.0,0.0
compact_8bit_m16_top50,284,8970,1.0,0.5,0.6934264036172708
compact_8bit_m16_top50,285,4484,1.0,1.0,1.0
compact_8bit_m16_top50,286,1451,0.0,0.0,0.0
compact_8bit_m16_top50,287,1889,0.0,0.0,0.0
compact_8bit_m16_top50,288,1920,1.0,0.25,0.43067655807339306
compact_8bit_m16_top50,289,8013,0.0,0.0,0.0
compact_8bit_m16_top50,290,3759,0.0,0.0,0.0
compact_8bit_m16_top50,291,7295,0.0,0.0,0.0
compact_8bit_m16_top50,292,7448,0.0,0.0,0.0
compact_8bit_m16_top50,293,7329,0.5,0.3333333333333333,0.3065735963827292
compact_8bit_m16_top50,294,10639,0.0,0.0,0.0
compact_8bit_m16_top50,296,4312,0.2857142857142857,1.0,0.38121301394452073
compact_8bit_m16_top50,297,1230,0.0,0.0,0.0
compact_8bit_m16_top50,298,2486,1.0,0.3333333333333333,0.5
compact_8bit_m16_top50,299,6121,0.0,0.0,0.0
compact_8bit_m16_top50,300,859,0.0,0.0,0.0
compact_8bit_m16_top50,302,2590,0.3333333333333333,1.0,0.46927872602275644
compact_8bit_m16_top50,303,3781,1.0,1.0,0.7903864795495061
compact_8bit_m16_top50,304,5374,0.0,0.0,0.0
compact_8bit_m16_top50,305,1310,0.0,0.0,0.0
compact_8bit_m16_top50,306,8005,0.0,0.0,0.0
compact_8bit_m16_top50,307,2994,0.3333333333333333,0.1111111111111111,0.14126697285982898
compact_8bit_m16_top50,308,6142,0.5,0.5,0.38685280723454163
compact_8bit_m16_top50,309,3125,1.0,1.0,1.0
compact_8bit_m16_top50,310,8832,1.0,0.5,0.6309297535714575
compact_8bit_m16_top50,311,3683,0.5,1.0,0.5809949937791563
compact_8bit_m16_top50,312,939,1.0,0.2,0.38685280723454163
compact_8bit_m16_top50,313,7206,0.0,0.0,0.0
compact_8bit_m16_top50,314,10246,0.0,0.0,0.0
compact_8bit_m16_top50,315,5241,0.0,0.0,0.0
compact_8bit_m16_top50,316,8121,0.0,0.0,0.0
compact_8bit_m16_top50,317,98,0.5,0.5,0.38685280723454163
compact_8bit_m16_top50,318,5064,0.5,1.0,0.6131471927654584
compact_8bit_m16_top50,319,4615,0.5,1.0,0.5889837127672154
compact_8bit_m16_top50,320,7467,0.0,0.0,0.0
compact_8bit_m16_top50,322,503,0.0,0.0,0.0
compact_8bit_m16_top50,324,6467,0.0,0.0,0.0
compact_8bit_m16_top50,325,4289,0.0,0.0,0.0
compact_8bit_m16_top50,326,4394,0.0,0.0,0.0
compact_8bit_m16_top50,327,4047,0.75,1.0,0.8318724637288826
compact_8bit_m16_top50,328,1815,1.0,1.0,1.0
compact_8bit_m16_top50,329,7218,0.0,0.0,0.0
compact_8bit_m16_top50,330,8982,0.0,0.0,0.0
compact_8bit_m16_top50,331,8874,0.0,0.0,0.0
compact_8bit_m16_top50,334,8937,0.0,0.0,0.0
compact_8bit_m16_top50,335,7344,0.5,1.0,0.6131471927654584
compact_8bit_m16_top50,336,2856,0.5,0.3333333333333333,0.32531670832675136
compact_8bit_m16_top50,337,7801,0.5,0.5,0.38685280723454163
compact_8bit_m16_top50,339,6875,0.0,0.0,0.0
compact_8bit_m16_top50,340,6891,0.3333333333333333,0.2,0.18154179253735267
compact_8bit_m16_top50,341,7702,0.5,0.25,0.2640681225725909
compact_8bit_m16_top50,342,2695,1.0,1.0,1.0
compact_8bit_m16_top50,346,5427,0.5,0.5,0.38685280723454163
compact_8bit_m16_top50,347,2587,1.0,1.0,1.0
compact_8bit_m16_top50,348,5782,0.2,0.14285714285714285,0.11305340175787204
compact_8bit_m16_top50,349,9871,0.0,0.0,0.0
compact_8bit_m16_top50,350,6668,0.0,0.0,0.0
compact_8bit_m16_top50,352,2443,0.0,0.0,0.0
compact_8bit_m16_top50,353,3179,0.5,1.0,0.6131471927654584
compact_8bit_m16_top50,354,3404,0.14285714285714285,0.2,0.10633668103022985
compact_8bit_m16_top50,355,3453,1.0,0.2,0.41443699955334395
compact_8bit_m16_top50,357,5808,1.0,0.5,0.6309297535714575
compact_8bit_m16_top50,358,4845,0.6666666666666666,1.0,0.6364391809889587
compact_8bit_m16_top50,359,3625,0.0,0.0,0.0
compact_8bit_m16_top50,363,4464,0.0,0.0,0.0
compact_8bit_m16_top50,364,3822,0.0,0.0,0.0
compact_8bit_m16_top50,365,7879,0.0,0.0,0.0
compact_8bit_m16_top50,367,8512,0.0,0.0,0.0
compact_8bit_m16_top50,368,3995,0.2,0.3333333333333333,0.16958010263680806
compact_8bit_m16_top50,369,559,0.0,0.0,0.0
compact_8bit_m16_top50,370,3791,0.6666666666666666,0.14285714285714285,0.2920782154400332
compact_8bit_m16_top50,371,8002,0.6666666666666666,1.0,0.6713860725233041
compact_8bit_m16_top50,372,4179,1.0,0.3333333333333333,0.5
compact_8bit_m16_top50,373,2891,1.0,1.0,1.0
compact_8bit_m16_top50,374,853,0.0,0.0,0.0
compact_8bit_m16_top50,375,10136,0.0,0.0,0.0
compact_8bit_m16_top50,377,2513,0.0,0.0,0.0
compact_8bit_m16_top50,378,5206,0.0,0.0,0.0
compact_8bit_m16_top50,380,4433,0.0,0.0,0.0
compact_8bit_m16_top50,381,4188,0.0,0.0,0.0
compact_8bit_m16_top50,382,2713,0.0,0.0,0.0
compact_8bit_m16_top50,383,9060,1.0,1.0,1.0
compact_8bit_m16_top50,384,7098,0.5,1.0,0.6131471927654584
compact_8bit_m16_top50,385,10628,1.0,0.1,0.2890648263178879
compact_8bit_m16_top50,386,6683,0.5,0.16666666666666666,0.21840743681816419
compact_8bit_m16_top50,387,10183,0.0,0.0,0.0
compact_8bit_m16_top50,388,3829,0.0,0.0,0.0
compact_8bit_m16_top50,389,5585,0.0,0.0,0.0
compact_8bit_m16_top50,390,4105,0.0,0.0,0.0
compact_8bit_m16_top50,391,1074,1.0,1.0,1.0
compact_8bit_m16_top50,394,9275,0.0,0.0,0.0
compact_8bit_m16_top50,395,10497,0.2,0.5,0.22400556151517556
compact_8bit_m16_top50,396,9481,0.5,0.3333333333333333,0.3065735963827292
compact_8bit_m16_top50,397,3500,0.3333333333333333,0.2,0.22485174766247445
compact_8bit_m16_top50,399,1306,0.0,0.0,0.0
compact_8bit_m16_top50,400,1826,0.75,1.0,0.787702056960637
compact_8bit_m16_top50,401,6262,0.6666666666666666,1.0,0.7653606369886217
compact_8bit_m16_top50,402,5347,1.0,1.0,1.0
compact_8bit_m16_top50,403,4500,0.0,0.0,0.0
compact_8bit_m16_top50,404,3615,1.0,1.0,1.0
compact_8bit_m16_top50,405,8632,0.5,0.16666666666666666,0.21840743681816419
compact_8bit_m16_top50,406,9979,0.25,0.5,0.24630238874073
compact_8bit_m16_top50,407,9617,0.3333333333333333,0.5,0.2960819109658652
compact_8bit_m16_top50,408,1948,0.0,0.0,0.0
compact_8bit_m16_top50,409,6133,0.5,0.3333333333333333,0.3065735963827292
compact_8bit_m16_top50,410,9737,0.0,0.0,0.0
compact_8bit_m16_top50,411,3771,0.3333333333333333,1.0,0.4935232796777481
compact_8bit_m16_top50,412,1736,0.0,0.0,0.0
compact_8bit_m16_top50,413,5255,0.6666666666666666,1.0,0.7653606369886217
compact_8bit_m16_top50,414,5380,1.0,1.0,1.0
compact_8bit_m16_top50,416,2051,0.0,0.0,0.0
compact_8bit_m16_top50,417,5067,0.0,0.0,0.0
compact_8bit_m16_top50,418,10414,1.0,1.0,0.9197207891481876
compact_8bit_m16_top50,421,4756,0.0,0.0,0.0
compact_8bit_m16_top50,422,7754,1.0,0.5,0.6309297535714575
compact_8bit_m16_top50,423,2076,0.5,1.0,0.6131471927654584
compact_8bit_m16_top50,424,1322,0.0,0.0,0.0
compact_8bit_m16_top50,426,5172,0.0,0.0,0.0
compact_8bit_m16_top50,427,5185,0.0,0.0,0.0
compact_8bit_m16_top50,428,9644,1.0,0.5,0.6309297535714575
compact_8bit_m16_top50,429,6909,0.0,0.0,0.0
compact_8bit_m16_top50,430,5906,0.0,0.0,0.0
compact_8bit_m16_top50,431,2348,0.26666666666666666,0.2,0.2883820513943218
compact_8bit_m16_top50,432,687,0.0,0.0,0.0
compact_8bit_m16_top50,433,8017,1.0,0.3333333333333333,0.5
compact_8bit_m16_top50,434,8795,1.0,1.0,1.0
compact_8bit_m16_top50,435,4499,0.0,0.0,0.0
compact_8bit_m16_top50,437,42,0.0,0.0,0.0
compact_8bit_m16_top50,440,8296,1.0,1.0,1.0
compact_8bit_m16_top50,441,659,0.3,1.0,0.349966777951421
compact_8bit_m16_top50,442,9108,0.0,0.0,0.0
compact_8bit_m16_top50,443,6835,0.0,0.0,0.0
compact_8bit_m16_top50,444,6803,0.5,0.5,0.44149241373678083
compact_8bit_m16_top50,445,9381,0.0,0.0,0.0
compact_8bit_m16_top50,447,3067,0.0,0.0,0.0
compact_8bit_m16_top50,448,4125,0.0,0.0,0.0
compact_8bit_m16_top50,449,1150,0.0,0.0,0.0
compact_8bit_m16_top50,450,7431,0.0,0.0,0.0
compact_8bit_m16_top50,451,2384,1.0,0.2,0.38685280723454163
compact_8bit_m16_top50,452,895,1.0,1.0,1.0
compact_8bit_m16_top50,453,7747,0.0,0.0,0.0
compact_8bit_m16_top50,454,879,1.0,1.0,1.0
compact_8bit_m16_top50,455,8040,0.0,0.0,0.0
compact_8bit_m16_top50,456,3051,1.0,1.0,0.8503449055347546
compact_8bit_m16_top50,457,7705,0.3333333333333333,0.5,0.2960819109658652
compact_8bit_m16_top50,458,10039,0.0,0.0,0.0
compact_8bit_m16_top50,459,9808,0.3333333333333333,1.0,0.46927872602275644
compact_8bit_m16_top50,460,7188,1.0,0.3333333333333333,0.5
compact_8bit_m16_top50,461,4813,1.0,0.5,0.6309297535714575
compact_8bit_m16_top50,462,3888,0.0,0.0,0.0
compact_8bit_m16_top50,464,957,0.3333333333333333,0.125,0.1480409554829326
compact_8bit_m16_top50,465,10601,0.0,0.0,0.0
compact_8bit_m16_top50,466,1871,0.75,1.0,0.7598336331031966
compact_8bit_m16_top50,467,5331,1.0,0.5,0.6309297535714575
compact_8bit_m16_top50,468,2790,0.14285714285714285,0.5,0.17342765698823945
compact_8bit_m16_top50,469,9882,0.0,0.0,0.0
compact_8bit_m16_top50,470,4999,0.5,1.0,0.5205067333228022
compact_8bit_m16_top50,471,4142,0.5,0.14285714285714285,0.2476427880871277
compact_8bit_m16_top50,472,3189,0.0,0.0,0.0
compact_8bit_m16_top50,473,5134,0.5,0.16666666666666666,0.21840743681816419
compact_8bit_m16_top50,474,1321,0.0,0.0,0.0
compact_8bit_m16_top50,475,10710,0.0,0.0,0.0
compact_8bit_m16_top50,476,6890,0.5,1.0,0.6131471927654584
compact_8bit_m16_top50,477,3049,0.75,1.0,0.6975637657739948
compact_8bit_m16_top50,478,849,0.0,0.0,0.0
compact_8bit_m16_top50,481,715,0.0,0.0,0.0
compact_8bit_m16_top50,484,2204,0.75,1.0,0.7971998030554314
compact_8bit_m16_top50,485,9646,0.5,0.3333333333333333,0.3065735963827292
compact_8bit_m16_top50,486,2334,0.6666666666666666,0.5,0.431733884398313
compact_8bit_m16_top50,487,2903,0.0,0.0,0.0
compact_8bit_m16_top50,488,4827,1.0,0.5,0.6309297535714575
compact_8bit_m16_top50,491,1530,0.6666666666666666,1.0,0.7039180890341347
compact_8bit_m16_top50,492,504,0.0,0.0,0.0
compact_8bit_m16_top50,493,721,1.0,1.0,1.0
compact_8bit_m16_top50,495,3186,0.5,1.0,0.6131471927654584
compact_8bit_m16_top50,497,3859,0.0,0.0,0.0
compact_8bit_m16_top50,498,1994,0.2,0.14285714285714285,0.11305340175787204
compact_8bit_m16_top50,499,6647,0.3333333333333333,1.0,0.46927872602275644
compact_8bit_m16_top50,500,9164,0.3333333333333333,0.5,0.2960819109658652
compact_8bit_m16_top50,501,1812,0.5,0.14285714285714285,0.20438239758848611
compact_8bit_m16_top50,502,10462,0.0,0.0,0.0
compact_8bit_m16_top50,503,8855,0.0,0.0,0.0
compact_8bit_m16_top50,505,4968,0.0,0.0,0.0
compact_8bit_m16_top50,506,7876,0.0,0.0,0.0
compact_8bit_m16_top50,507,7071,0.0,0.0,0.0
compact_8bit_m16_top50,508,3534,0.0,0.0,0.0
compact_8bit_m16_top50,509,8974,0.375,1.0,0.422837249982473
compact_8bit_m16_top50,510,10912,0.0,0.0,0.0
compact_8bit_m16_top50,511,2737,1.0,1.0,1.0
compact_8bit_m16_top50,512,2964,0.5,0.25,0.2640681225725909
compact_8bit_m16_top50,513,5178,0.4,0.3333333333333333,0.30078518014914984
compact_8bit_m16_top50,514,5061,0.0,0.0,0.0
compact_8bit_m16_top50,516,9385,1.0,0.25,0.43067655807339306
compact_8bit_m16_top50,517,4411,0.3333333333333333,0.5,0.2960819109658652
compact_8bit_m16_top50,518,515,1.0,1.0,1.0
compact_8bit_m16_top50,519,2075,0.3333333333333333,1.0,0.45379693233402835
compact_8bit_m16_top50,520,8230,0.0,0.0,0.0
compact_8bit_m16_top50,521,4335,0.25,1.0,0.3903800499921017
compact_8bit_m16_top50,522,7533,0.0,0.0,0.0
compact_8bit_m16_top50,523,5683,0.0,0.0,0.0
compact_8bit_m16_top50,524,4785,1.0,1.0,1.0
compact_8bit_m16_top50,525,7456,0.0,0.0,0.0
compact_8bit_m16_top50,526,3528,1.0,0.5,0.6309297535714575
compact_8bit_m16_top50,528,9487,0.0,0.0,0.0
compact_8bit_m16_top50,529,10792,1.0,0.5,0.5802792108518124
compact_8bit_m16_top50,530,5264,0.6,1.0,0.639945385422766
compact_8bit_m16_top50,531,9733,0.0,0.0,0.0
compact_8bit_m16_top50,533,7311,0.0,0.0,0.0
compact_8bit_m16_top50,534,744,0.0,0.0,0.0
compact_8bit_m16_top50,535,7141,0.5,0.16666666666666666,0.21840743681816419
compact_8bit_m16_top50,536,672,0.0,0.0,0.0
compact_8bit_m16_top50,537,6002,0.5454545454545454,1.0,0.6618313225363276
compact_8bit_m16_top50,538,4071,0.0,0.0,0.0
compact_8bit_m16_top50,539,4103,0.0,0.0,0.0
compact_8bit_m16_top50,540,1441,1.0,1.0,1.0
compact_8bit_m16_top50,542,7512,0.0,0.0,0.0
compact_8bit_m16_top50,543,2589,0.6666666666666666,1.0,0.7039180890341347
compact_8bit_m16_top50,544,2598,0.5,0.5,0.38685280723454163
compact_8bit_m16_top50,545,6800,1.0,1.0,1.0
compact_8bit_m16_top50,546,1391,0.0,0.0,0.0
compact_8bit_m16_top50,547,6278,1.0,1.0,0.8772153153380493
compact_8bit_m16_top50,548,7534,0.3333333333333333,1.0,0.46927872602275644
compact_8bit_m16_top50,549,5356,0.4,0.14285714285714285,0.22004653412513583
compact_8bit_m16_top50,550,2579,0.3333333333333333,1.0,0.41966500663677697
compact_8bit_m16_top50,551,9961,0.0,0.0,0.0
compact_8bit_m16_top50,552,7484,1.0,1.0,1.0
compact_8bit_m16_top50,553,5790,0.0,0.0,0.0
compact_8bit_m16_top50,554,7823,0.3333333333333333,0.5,0.2960819109658652
compact_8bit_m16_top50,555,689,0.0,0.0,0.0
compact_8bit_m16_top50,556,604,0.6666666666666666,1.0,0.617319681505689
compact_8bit_m16_top50,557,9174,0.2,0.5,0.21398626473452756
compact_8bit_m16_top50,558,6867,0.42857142857142855,0.5,0.3356307577263269
compact_8bit_m16_top50,559,5970,0.3333333333333333,0.14285714285714285,0.15642624200758548
compact_8bit_m16_top50,560,4681,1.0,0.5,0.6509209298071326
compact_8bit_m16_top50,562,6901,0.5,1.0,0.6131471927654584
compact_8bit_m16_top50,563,10808,0.0,0.0,0.0
compact_8bit_m16_top50,564,2383,0.5,0.5,0.38685280723454163
compact_8bit_m16_top50,565,3085,0.5,1.0,0.6131471927654584
compact_8bit_m16_top50,566,104,0.5,1.0,0.6131471927654584
compact_8bit_m16_top50,568,684,0.0,0.0,0.0
compact_8bit_m16_top50,569,10674,0.5,1.0,0.6366824387328317
compact_8bit_m16_top50,571,10526,0.5,0.5,0.38685280723454163
compact_8bit_m16_top50,572,2181,0.0,0.0,0.0
compact_8bit_m16_top50,573,10994,0.0,0.0,0.0
compact_8bit_m16_top50,574,5903,0.0,0.0,0.0
compact_8bit_m16_top50,576,5254,0.0,0.0,0.0
compact_8bit_m16_top50,579,7936,0.6666666666666666,0.16666666666666666,0.3235866969737877
compact_8bit_m16_top50,582,7633,0.25,1.0,0.3903800499921017
compact_8bit_m16_top50,583,2400,0.0,0.0,0.0
compact_8bit_m16_top50,584,5549,0.0,0.0,0.0
compact_8bit_m16_top50,585,1832,0.0,0.0,0.0
compact_8bit_m16_top50,586,2749,0.5,0.14285714285714285,0.20438239758848611
compact_8bit_m16_top50,588,3735,0.3333333333333333,0.14285714285714285,0.15642624200758548
compact_8bit_m16_top50,589,622,0.0,0.0,0.0
compact_8bit_m16_top50,591,4605,0.42857142857142855,1.0,0.546216915252498
compact_8bit_m16_top50,592,2330,1.0,0.25,0.48247555939075504
compact_8bit_m16_top50,593,6792,0.0,0.0,0.0
compact_8bit_m16_top50,595,2885,0.0,0.0,0.0
compact_8bit_m16_top50,596,15,1.0,1.0,1.0
compact_8bit_m16_top50,597,6110,0.25,0.2,0.17399493535254396
compact_8bit_m16_top50,598,4823,0.3333333333333333,0.5,0.2960819109658652
compact_8bit_m16_top50,599,3694,0.0,0.0,0.0
compact_8bit_m16_top50,600,8,0.5,0.5,0.38685280723454163
compact_8bit_m16_top50,601,1309,0.25,1.0,0.3903800499921017
compact_8bit_m16_top50,603,699,0.0,0.0,0.0
compact_8bit_m16_top50,604,7109,0.3333333333333333,0.1,0.13565197343244778
compact_8bit_m16_top50,605,5080,0.0,0.0,0.0
compact_8bit_m16_top50,606,4981,0.6666666666666666,1.0,0.7653606369886217
compact_8bit_m16_top50,607,3875,1.0,1.0,0.9197207891481876
compact_8bit_m16_top50,609,3934,0.0,0.0,0.0
compact_8bit_m16_top50,611,2264,0.5,1.0,0.6131471927654584
compact_8bit_m16_top50,612,2895,0.0,0.0,0.0
compact_8bit_m16_top50,613,6787,0.0,0.0,0.0
compact_8bit_m16_top50,614,7096,1.0,1.0,1.0
compact_8bit_m16_top50,615,2747,1.0,0.25,0.43067655807339306
compact_8bit_m16_top50,617,1748,0.3333333333333333,1.0,0.46927872602275644
compact_8bit_m16_top50,618,9735,0.0,0.0,0.0
compact_8bit_m16_top50,619,5862,0.0,0.0,0.0
compact_8bit_m16_top50,620,10932,1.0,1.0,1.0
compact_8bit_m16_top50,621,6041,0.5,1.0,0.5855700749881525
compact_8bit_m16_top50,622,7178,1.0,0.1111111111111111,0.3010299956639812
compact_8bit_m16_top50,623,7068,0.0,0.0,0.0
compact_8bit_m16_top50,625,10558,1.0,0.5,0.6052602440527057
compact_8bit_m16_top50,626,3014,0.0,0.0,0.0
compact_8bit_m16_top50,627,4863,0.3333333333333333,0.2,0.18154179253735267
compact_8bit_m16_top50,629,1416,0.0,0.0,0.0
compact_8bit_m16_top50,630,2801,0.5,1.0,0.6131471927654584
compact_8bit_m16_top50,631,5343,0.0,0.0,0.0
compact_8bit_m16_top50,632,547,0.0,0.0,0.0
compact_8bit_m16_top50,633,6985,1.0,1.0,1.0
compact_8bit_m16_top50,634,2154,0.0,0.0,0.0
compact_8bit_m16_top50,638,3033,0.5,0.16666666666666666,0.21840743681816419
compact_8bit_m16_top50,641,10812,0.75,1.0,0.7495275800817669
compact_8bit_m16_top50,642,3512,1.0,1.0,1.0
compact_8bit_m16_top50,643,4102,0.25,0.3333333333333333,0.19519002499605084
compact_8bit_m16_top50,644,3566,0.0,0.0,0.0
compact_8bit_m16_top50,645,94,1.0,0.3333333333333333,0.5
compact_8bit_m16_top50,646,2551,1.0,1.0,0.9469024295259745
compact_8bit_m16_top50,647,2399,1.0,1.0,1.0
